Product_Supermarket_Identifier,Product_Supermarket_Sales
FDY57_CHUKWUDI013,3841.831083970889
FDY10_CHUKWUDI018,4246.848772145579
FDO40_CHUKWUDI018,5562.751780804774
NCQ43_CHUKWUDI018,4234.930742961633
NCC07_CHUKWUDI046,4318.722268602145
FDK27_CHUKWUDI019,939.7051949578598
DRJ39_CHUKWUDI027,16360.328957501586
FDZ16_CHUKWUDI035,8073.240810659704
FDD21_CHUKWUDI018,4083.7869366394552
FDQ12_CHUKWUDI019,2289.644172698772
FDH35_CHUKWUDI045,6883.742561930975
FDP51_CHUKWUDI018,4954.883785850265
FDD10_CHUKWUDI045,7440.433249947847
FDB23_CHUKWUDI045,10003.920519218971
FDK41_CHUKWUDI013,2965.0894366171883
NCX18_CHUKWUDI035,7700.722371396523
FDO60_CHUKWUDI010,-208.61131407234402
NCW29_CHUKWUDI013,5034.241298188798
DRD13_CHUKWUDI013,2611.686210268233
FDU44_CHUKWUDI018,5902.760873490426
FDD09_CHUKWUDI018,6699.7935825068635
NCO29_CHUKWUDI017,6637.966777453575
FDS57_CHUKWUDI017,6201.256604245751
FDW21_CHUKWUDI046,4877.165672849222
FDV26_CHUKWUDI019,1264.4159430676948
NCJ43_CHUKWUDI017,6727.638598575843
FDF34_CHUKWUDI017,6937.412320897519
FDK33_CHUKWUDI035,8640.380134618727
FDO34_CHUKWUDI027,10651.727799250742
FDE24_CHUKWUDI018,4874.728151162597
NCR38_CHUKWUDI035,10693.059020816056
FDV21_CHUKWUDI010,785.2109095684882
DRL35_CHUKWUDI013,2025.590634164621
FDM39_CHUKWUDI018,5930.425041676596
DRH01_CHUKWUDI045,7380.4033125979195
FDX34_CHUKWUDI049,4439.200282527765
DRB01_CHUKWUDI049,8218.568755937647
FDD05_CHUKWUDI046,5270.557264411999
FDN31_CHUKWUDI049,7678.252880893703
FDW12_CHUKWUDI027,9763.805362285388
FDO34_CHUKWUDI018,5900.928167557691
FDV28_CHUKWUDI010,22.730877966006354
NCF30_CHUKWUDI046,5042.810769082884
NCZ53_CHUKWUDI027,13504.970068045768
DRC01_CHUKWUDI013,2660.4809445910255
FDO27_CHUKWUDI046,3434.235227150077
FDV55_CHUKWUDI046,6499.504355130028
FDV01_CHUKWUDI017,6777.135954305023
FDB45_CHUKWUDI046,4608.466375541083
FDF17_CHUKWUDI045,7822.073505871245
DRD60_CHUKWUDI035,8077.823532195847
FDV26_CHUKWUDI027,13155.514143046154
DRI03_CHUKWUDI027,10922.050982785933
FDA43_CHUKWUDI018,6900.4778644260905
NCX54_CHUKWUDI046,4164.046812965753
FDX34_CHUKWUDI046,4682.635881294831
FDX07_CHUKWUDI049,8352.704648079452
FDM45_CHUKWUDI013,4457.81623035572
NCY18_CHUKWUDI018,6293.424296498854
NCV54_CHUKWUDI019,898.678085732042
FDX47_CHUKWUDI017,6214.934538741041
FDT55_CHUKWUDI035,6683.298528577905
NCL18_CHUKWUDI035,8022.822342815873
DRL47_CHUKWUDI046,5474.210807726355
FDH44_CHUKWUDI017,6504.903135751664
FDS11_CHUKWUDI049,8909.359227874887
FDH27_CHUKWUDI046,4893.790288005407
NCK19_CHUKWUDI018,7430.186682576966
FDC57_CHUKWUDI035,8009.761627094186
FDT13_CHUKWUDI035,8185.589705253695
NCY18_CHUKWUDI046,7062.2655637385205
NCS53_CHUKWUDI045,6838.346054512229
FDE08_CHUKWUDI010,982.8135310395111
FDY38_CHUKWUDI045,9568.034145493153
FDJ55_CHUKWUDI035,9751.979033397052
FDJ36_CHUKWUDI010,705.8000089196905
FDO12_CHUKWUDI049,7891.75816386625
FDX21_CHUKWUDI018,4245.7713761230425
DRD49_CHUKWUDI035,10381.980660331752
DRE13_CHUKWUDI013,3269.56676690469
NCF07_CHUKWUDI046,4299.207177415694
NCO17_CHUKWUDI049,4668.3930625631265
FDR55_CHUKWUDI045,8487.415542458599
FDF40_CHUKWUDI027,14195.419574354226
FDP10_CHUKWUDI013,4243.143604217895
NCR41_CHUKWUDI049,4159.845997404586
DRK37_CHUKWUDI027,11288.740106559688
FDV03_CHUKWUDI013,6066.418029389113
FDN57_CHUKWUDI046,5474.540515923097
DRE12_CHUKWUDI013,4298.285600260957
FDV37_CHUKWUDI035,8049.494370829548
FDF56_CHUKWUDI027,11008.850549837638
DRJ49_CHUKWUDI018,4527.668348688328
FDJ46_CHUKWUDI027,11455.102374409207
FDC21_CHUKWUDI010,688.8818474810375
FDK21_CHUKWUDI035,8839.044146124917
FDT32_CHUKWUDI017,7911.197250396793
FDN56_CHUKWUDI035,6505.345185644282
FDS52_CHUKWUDI010,617.6822095118464
NCU42_CHUKWUDI045,6962.832170220473
NCN07_CHUKWUDI046,5628.5528004895095
NCG30_CHUKWUDI046,5455.515499293589
NCL54_CHUKWUDI027,11802.209185174546
FDZ26_CHUKWUDI035,9623.921872849482
FDX25_CHUKWUDI046,7714.439322867306
FDT21_CHUKWUDI017,9246.17610293828
FDN56_CHUKWUDI045,6313.841650168505
NCB42_CHUKWUDI013,4557.593217617599
FDA21_CHUKWUDI049,8073.461826182199
FDY55_CHUKWUDI035,10248.685585436588
NCS30_CHUKWUDI018,4624.211751725369
FDI20_CHUKWUDI027,14072.523500668089
FDT01_CHUKWUDI045,8497.03921275806
NCJ05_CHUKWUDI046,6331.858865976764
FDW04_CHUKWUDI045,5263.956761244018
FDW23_CHUKWUDI013,2452.7122088488977
FDS57_CHUKWUDI046,6673.683848136767
FDM12_CHUKWUDI017,7762.720392039163
FDI34_CHUKWUDI035,10415.76447193644
FDQ28_CHUKWUDI027,10492.862220099556
FDI02_CHUKWUDI046,4483.732753077817
NCX53_CHUKWUDI013,4843.8585994238465
DRF27_CHUKWUDI017,6079.515418097774
FDR39_CHUKWUDI046,8436.026227405064
FDU26_CHUKWUDI017,5139.240334153234
FDK08_CHUKWUDI049,4314.593240776713
FDD47_CHUKWUDI049,7554.131691373432
FDO34_CHUKWUDI010,886.1178939825863
FDY12_CHUKWUDI013,2782.422727607108
FDS11_CHUKWUDI035,8850.538409431712
FDA47_CHUKWUDI017,6596.180144258256
FDM08_CHUKWUDI045,8248.706551419576
FDJ53_CHUKWUDI046,4628.309377205926
FDC44_CHUKWUDI017,5099.843804062368
NCM43_CHUKWUDI018,6063.663033136235
FDY44_CHUKWUDI018,7177.392793580777
FDI41_CHUKWUDI035,6503.451282257511
FDH17_CHUKWUDI046,4045.7218646727038
NCQ38_CHUKWUDI049,4493.6361690968
FDB22_CHUKWUDI045,6151.211757100274
FDP37_CHUKWUDI019,957.0551522682515
NCQ50_CHUKWUDI049,9015.254929546398
FDA49_CHUKWUDI010,378.40921295316366
FDC51_CHUKWUDI049,5134.3165658640655
FDQ32_CHUKWUDI046,5441.419829848409
NCX41_CHUKWUDI045,8480.418859136056
FDD40_CHUKWUDI049,7498.237270020971
FDG12_CHUKWUDI017,4673.174731848425
FDR52_CHUKWUDI035,8584.112879076007
FDA52_CHUKWUDI045,7242.901878660624
DRE60_CHUKWUDI019,2024.4905884931038
DRN37_CHUKWUDI049,6855.811837831047
FDI09_CHUKWUDI045,8333.629102830912
FDW07_CHUKWUDI010,588.1269956273496
FDG12_CHUKWUDI019,1057.69591359231
FDN01_CHUKWUDI045,6862.142408393436
FDB53_CHUKWUDI049,6328.235649496125
FDM46_CHUKWUDI046,3800.569047914828
FDG33_CHUKWUDI017,7457.034075511854
FDC22_CHUKWUDI049,7597.813734585363
DRN47_CHUKWUDI027,10765.917186231389
FDP52_CHUKWUDI027,15779.821931004799
FDY08_CHUKWUDI010,745.5703978535842
FDQ21_CHUKWUDI013,5354.036970541681
NCN06_CHUKWUDI010,896.0458950932481
FDG53_CHUKWUDI013,4795.4984612397975
NCJ54_CHUKWUDI027,15534.61729840515
NCF54_CHUKWUDI045,7119.292772223651
FDA50_CHUKWUDI010,528.5403239291759
FDV45_CHUKWUDI045,7905.965494093183
NCH55_CHUKWUDI018,4826.223914173994
FDX21_CHUKWUDI046,4321.228995635739
DRH37_CHUKWUDI013,6059.498019416972
FDX38_CHUKWUDI013,2169.0271020183136
FDT21_CHUKWUDI035,8917.786966756055
FDW25_CHUKWUDI013,3429.9033120464724
NCL29_CHUKWUDI046,6594.646484544186
FDR31_CHUKWUDI027,10687.14331644907
FDC34_CHUKWUDI019,1153.970525693771
FDK50_CHUKWUDI017,6361.954477411961
DRI25_CHUKWUDI013,2257.0805300573743
FDN15_CHUKWUDI049,5744.226594863284
NCX54_CHUKWUDI010,548.6577684927875
FDF10_CHUKWUDI049,6725.669541365555
NCS06_CHUKWUDI019,1268.0200383174483
NCT41_CHUKWUDI046,6166.366384607481
FDB14_CHUKWUDI010,535.0535784870948
NCQ30_CHUKWUDI049,4919.759956181364
FDU01_CHUKWUDI017,7375.100378371641
FDW19_CHUKWUDI018,4247.395939025121
FDS43_CHUKWUDI045,7909.736122610015
NCP18_CHUKWUDI018,5791.926757554503
DRE60_CHUKWUDI045,9398.419514480076
FDY28_CHUKWUDI017,9214.669979972874
DRG01_CHUKWUDI013,3592.908817687436
FDF50_CHUKWUDI035,8058.012264245455
FDQ10_CHUKWUDI027,11501.43535010236
FDS12_CHUKWUDI013,5039.6218144284285
FDF16_CHUKWUDI017,6146.0099225418035
NCK29_CHUKWUDI010,1080.7286749144046
FDD50_CHUKWUDI027,10118.86962485647
NCO42_CHUKWUDI035,5373.181718795244
FDQ24_CHUKWUDI045,12763.905344136274
NCL18_CHUKWUDI018,7056.87114350741
FDS12_CHUKWUDI010,839.0874509078764
FDF10_CHUKWUDI045,6782.122565677578
NCQ30_CHUKWUDI010,787.6589354545346
FDV46_CHUKWUDI019,948.5294280345389
NCJ43_CHUKWUDI027,11425.626252750568
NCK18_CHUKWUDI049,6886.99867004732
FDL46_CHUKWUDI018,4251.003923575568
FDZ25_CHUKWUDI027,10635.846680977262
FDE51_CHUKWUDI010,-168.3897331945411
FDU40_CHUKWUDI046,7374.239208916678
FDK25_CHUKWUDI017,6744.462762592082
FDO52_CHUKWUDI046,7182.353866024637
FDM03_CHUKWUDI018,4101.896630362009
FDR01_CHUKWUDI045,8308.206325657764
FDA27_CHUKWUDI045,7793.669522354616
FDX47_CHUKWUDI018,5595.821754272469
DRC36_CHUKWUDI046,7907.269636510998
FDO40_CHUKWUDI027,9495.25285405616
DRM37_CHUKWUDI027,13429.952861682079
FDR10_CHUKWUDI013,6236.007826357652
FDP08_CHUKWUDI049,7752.673714737416
FDH56_CHUKWUDI010,757.614853951072
FDQ40_CHUKWUDI017,7552.302096343045
FDT40_CHUKWUDI017,4624.724767021357
FDE28_CHUKWUDI019,1522.5079051574153
NCZ18_CHUKWUDI045,8447.291592327741
NCI29_CHUKWUDI049,5240.075317041195
FDI32_CHUKWUDI010,687.9271914216249
FDV13_CHUKWUDI013,3356.5924740299097
NCA06_CHUKWUDI013,2051.341897848001
FDY19_CHUKWUDI013,4439.446339893142
NCJ43_CHUKWUDI010,657.1013697626129
FDG04_CHUKWUDI045,7250.060959600095
FDC29_CHUKWUDI046,4520.813058952992
FDJ04_CHUKWUDI046,4940.042803246975
NCE07_CHUKWUDI035,5258.388685302247
FDB09_CHUKWUDI046,5062.531559297016
FDY47_CHUKWUDI010,719.7194958182426
DRH36_CHUKWUDI013,2817.547821596519
FDC10_CHUKWUDI049,4879.157049188525
FDX49_CHUKWUDI027,14816.727450822144
FDW08_CHUKWUDI018,3916.375124695477
FDA31_CHUKWUDI018,6323.548271654084
FDY40_CHUKWUDI013,2249.8201103503734
FDT31_CHUKWUDI017,7143.357819321
FDZ10_CHUKWUDI046,5892.453737845762
FDG31_CHUKWUDI010,141.97958797053383
FDR26_CHUKWUDI045,7193.383401733389
FDK02_CHUKWUDI049,5008.151990329115
NCQ41_CHUKWUDI018,7283.120241249188
FDX19_CHUKWUDI017,9996.511194927643
FDI46_CHUKWUDI045,9748.033007598842
FDY57_CHUKWUDI049,4307.060201373137
FDJ21_CHUKWUDI018,5757.633881299419
FDN01_CHUKWUDI018,6259.5372278849645
FDN51_CHUKWUDI045,11877.214510651442
FDT35_CHUKWUDI017,6895.606992522057
FDJ36_CHUKWUDI049,4639.4648570477475
FDW45_CHUKWUDI046,6453.87609853987
FDB33_CHUKWUDI049,6740.289105555306
NCC19_CHUKWUDI046,7249.163521706575
FDX15_CHUKWUDI049,6807.945776575489
NCT18_CHUKWUDI017,7507.805832671084
FDH57_CHUKWUDI046,5298.0178869792935
FDX22_CHUKWUDI035,8996.83154578178
FDN02_CHUKWUDI035,8574.882041242934
FDT58_CHUKWUDI018,6145.483047436891
NCV06_CHUKWUDI027,13840.532272531393
FDW44_CHUKWUDI046,7293.4859582855515
DRF49_CHUKWUDI046,5407.449409116303
FDD04_CHUKWUDI019,699.921056065199
FDH53_CHUKWUDI013,3435.4931543145035
FDS01_CHUKWUDI019,1420.8904880500575
FDU60_CHUKWUDI035,7899.898384472146
FDZ59_CHUKWUDI049,6232.816048955638
FDE17_CHUKWUDI035,6471.799665640713
FDG38_CHUKWUDI013,2881.246526966383
FDY21_CHUKWUDI019,1342.2108425784925
FDV11_CHUKWUDI045,7919.8081331389585
DRJ11_CHUKWUDI049,7949.282420582733
FDD56_CHUKWUDI018,6895.229191959182
FDM51_CHUKWUDI013,3916.946295572412
FDC15_CHUKWUDI018,5313.46032866527
FDN38_CHUKWUDI019,1537.1333398367674
FDJ38_CHUKWUDI017,7801.285946398355
NCA42_CHUKWUDI027,10299.267697201538
FDV38_CHUKWUDI013,2268.790411647458
NCK06_CHUKWUDI013,5002.789386090565
FDI24_CHUKWUDI027,10810.981415013164
FDB44_CHUKWUDI017,9183.281779232435
FDG09_CHUKWUDI017,7904.616156816746
DRB25_CHUKWUDI018,4610.827199635994
FDS01_CHUKWUDI017,7216.742001762958
FDW39_CHUKWUDI019,1395.2993636628096
NCT42_CHUKWUDI049,5390.193174367853
FDV09_CHUKWUDI017,6587.1783562910405
NCF42_CHUKWUDI019,1217.3784219838708
FDQ11_CHUKWUDI027,16801.812932511388
FDZ50_CHUKWUDI027,12470.533940603478
FDC53_CHUKWUDI013,3599.9724181308775
FDD17_CHUKWUDI045,7730.667088379569
DRF01_CHUKWUDI018,5513.298522949071
NCP14_CHUKWUDI013,3842.8459678639206
FDJ48_CHUKWUDI017,9361.922894676325
DRH23_CHUKWUDI013,2069.1881868898545
FDY04_CHUKWUDI017,6540.837599929344
FDQ40_CHUKWUDI018,6460.6932760459085
FDI08_CHUKWUDI017,8723.043945147681
FDC50_CHUKWUDI010,483.84634941989964
FDO52_CHUKWUDI045,7067.643905830628
NCN53_CHUKWUDI013,2567.5516650842947
FDX16_CHUKWUDI035,6512.868371767197
NCQ50_CHUKWUDI027,14877.130384809272
FDL15_CHUKWUDI049,6400.77112675979
FDU34_CHUKWUDI013,4815.665652056302
FDQ40_CHUKWUDI049,7341.331709368242
FDM10_CHUKWUDI035,9223.309578884198
DRE49_CHUKWUDI018,6349.814769710721
FDA31_CHUKWUDI045,6887.638895481447
FDH21_CHUKWUDI035,6680.077905572424
NCP29_CHUKWUDI013,2480.0899342825114
FDU20_CHUKWUDI019,891.3751382002117
FDF22_CHUKWUDI049,8055.567578765913
NCW41_CHUKWUDI046,6557.557571765638
NCO30_CHUKWUDI035,7425.977752076345
FDT09_CHUKWUDI045,5713.148246771557
FDZ25_CHUKWUDI045,7202.930792023581
FDY04_CHUKWUDI027,9975.326660855022
FDR23_CHUKWUDI045,7344.136145786324
DRA12_CHUKWUDI010,1271.2405376661688
FDA20_CHUKWUDI049,7280.830617586462
FDY55_CHUKWUDI045,10163.372819450462
FDL20_CHUKWUDI049,4600.385004924395
FDK09_CHUKWUDI019,1822.9503412752792
NCM43_CHUKWUDI049,6944.301466458568
FDY58_CHUKWUDI049,10531.8260177918
FDP11_CHUKWUDI019,217.72215947488607
FDF44_CHUKWUDI018,4771.407513313815
FDH14_CHUKWUDI045,5588.628002210282
FDV01_CHUKWUDI010,902.8074797220302
DRL49_CHUKWUDI035,5492.229130547383
FDO56_CHUKWUDI019,900.6384400583296
FDR12_CHUKWUDI027,11544.736029403151
FDE16_CHUKWUDI018,8103.491519388548
FDH27_CHUKWUDI018,4460.897582309295
NCY18_CHUKWUDI049,7637.034216911256
NCL18_CHUKWUDI049,8081.643161259045
FDX09_CHUKWUDI049,7343.6504796734125
FDC28_CHUKWUDI046,3995.4261448999705
FDR15_CHUKWUDI027,10850.036267577509
NCH07_CHUKWUDI010,862.9312788933784
FDF26_CHUKWUDI017,5938.627287132459
FDP28_CHUKWUDI035,12973.289014801709
FDM13_CHUKWUDI035,4793.536622603885
FDE46_CHUKWUDI027,9799.171736019784
FDM36_CHUKWUDI046,7116.986259898326
FDQ10_CHUKWUDI018,6709.914708426956
FDM21_CHUKWUDI035,7780.141285115495
NCK05_CHUKWUDI010,544.4633546662219
FDV04_CHUKWUDI010,880.537636525551
FDI07_CHUKWUDI027,13551.766643853112
FDU57_CHUKWUDI013,5767.204940141911
FDM25_CHUKWUDI035,7325.465291897254
FDH35_CHUKWUDI013,5855.166577650497
FDN60_CHUKWUDI027,9556.240710286393
FDA26_CHUKWUDI035,8885.799709791374
DRC27_CHUKWUDI045,10717.567258184588
DRM23_CHUKWUDI027,11081.408037162644
FDB36_CHUKWUDI018,5626.14022953099
FDE17_CHUKWUDI013,5867.6285711338805
FDE11_CHUKWUDI027,10106.097897066898
FDU35_CHUKWUDI010,356.09800541183705
FDY03_CHUKWUDI013,4387.783774507517
FDZ49_CHUKWUDI049,9390.157170928462
NCC07_CHUKWUDI013,4226.277598852164
NCR05_CHUKWUDI045,8065.32123400429
NCK07_CHUKWUDI018,6004.451509837944
FDB28_CHUKWUDI045,7225.716435652015
FDJ03_CHUKWUDI013,2047.5446141804243
FDC38_CHUKWUDI013,4913.501585722984
FDZ57_CHUKWUDI018,4796.024454277972
NCP18_CHUKWUDI035,6486.7365489587255
FDB52_CHUKWUDI027,13003.033808121803
NCA17_CHUKWUDI013,6043.636880602642
FDK20_CHUKWUDI013,4707.838465862858
FDM36_CHUKWUDI049,7217.8935726846585
FDQ25_CHUKWUDI035,7369.47813232109
FDR02_CHUKWUDI013,4069.6144020803463
FDR09_CHUKWUDI027,17449.140293595567
NCT18_CHUKWUDI035,8477.020666539756
FDH38_CHUKWUDI018,3918.3276877819876
FDY09_CHUKWUDI010,1323.427714962752
FDU24_CHUKWUDI046,3536.683025063062
FDU07_CHUKWUDI019,969.6727154538875
FDJ44_CHUKWUDI046,7170.9692953933545
FDN03_CHUKWUDI035,10234.165397727253
FDB53_CHUKWUDI035,6413.548415482253
FDX27_CHUKWUDI010,479.4052684958863
FDO57_CHUKWUDI046,6240.488446963171
FDA03_CHUKWUDI010,855.2025563772304
NCN29_CHUKWUDI010,357.62427832368286
FDI40_CHUKWUDI046,4198.762147551389
FDX55_CHUKWUDI019,1441.9882427803661
DRG48_CHUKWUDI049,6444.861860248659
FDY07_CHUKWUDI010,271.4683476369806
FDT13_CHUKWUDI017,8080.444234976255
FDH05_CHUKWUDI045,10357.17717196814
FDD46_CHUKWUDI027,9863.447618777871
NCA30_CHUKWUDI049,8081.643161259045
NCM30_CHUKWUDI013,2048.0155042782803
FDL34_CHUKWUDI049,6169.617092280826
NCS06_CHUKWUDI027,16304.922668661995
FDK02_CHUKWUDI010,583.8276138010091
DRJ24_CHUKWUDI035,7965.479744003734
DRG11_CHUKWUDI046,5328.756238216382
FDB34_CHUKWUDI010,1200.5861597728408
FDV24_CHUKWUDI010,923.6818039546349
FDE16_CHUKWUDI045,7357.319635204795
FDL57_CHUKWUDI019,1053.1209841888572
FDG21_CHUKWUDI049,6569.899763009865
NCW41_CHUKWUDI027,9279.424020690416
NCP05_CHUKWUDI018,5709.032256576424
FDN15_CHUKWUDI019,830.3509651458709
FDC33_CHUKWUDI045,7706.310769014117
FDR46_CHUKWUDI045,6776.717949917724
FDZ45_CHUKWUDI019,1416.6242256915004
FDY44_CHUKWUDI045,7980.722994555338
NCX18_CHUKWUDI045,7828.4701243732625
FDJ04_CHUKWUDI018,3984.1700350506103
NCK17_CHUKWUDI013,1968.2501014820925
FDQ31_CHUKWUDI013,3159.100196769615
FDH26_CHUKWUDI049,4926.114237567758
FDX33_CHUKWUDI013,6207.699387253486
FDU36_CHUKWUDI013,3718.8561518626207
FDZ59_CHUKWUDI013,5798.937563858994
FDM24_CHUKWUDI027,9509.1025825885
NCI18_CHUKWUDI017,9081.164958856578
FDO52_CHUKWUDI035,7152.956671816756
NCB07_CHUKWUDI049,7669.921220986835
FDW43_CHUKWUDI049,10163.977494701016
FDQ27_CHUKWUDI046,4983.503591851293
NCN43_CHUKWUDI046,5345.0715677451235
FDK10_CHUKWUDI027,11116.572958356252
FDH32_CHUKWUDI046,3664.4937502976145
FDZ33_CHUKWUDI017,6511.420487823864
FDD34_CHUKWUDI049,6661.6600328505965
FDU58_CHUKWUDI045,7586.879352295699
FDV22_CHUKWUDI017,6729.891246489804
NCE30_CHUKWUDI019,1719.1794587842032
FDR27_CHUKWUDI013,5320.528562562712
FDL13_CHUKWUDI045,10100.109887326538
FDM56_CHUKWUDI013,3852.3519816367084
FDR57_CHUKWUDI046,6228.003151942652
NCF42_CHUKWUDI045,7813.5406149157625
FDF11_CHUKWUDI017,8658.241170079198
FDR35_CHUKWUDI018,7978.1638585542305
FDF24_CHUKWUDI010,684.5791869651605
FDI53_CHUKWUDI017,6519.16773782607
DRG37_CHUKWUDI035,7392.252257380275
NCD31_CHUKWUDI018,6254.582423227434
FDC44_CHUKWUDI046,4687.588256224308
NCF42_CHUKWUDI035,7240.584838341717
FDE24_CHUKWUDI045,5454.494239893826
FDW40_CHUKWUDI035,5700.741436427782
FDP58_CHUKWUDI019,1980.672350233467
FDV20_CHUKWUDI019,946.3928598923851
FDB14_CHUKWUDI046,3972.239796090803
FDI57_CHUKWUDI035,7847.484745052397
FDS07_CHUKWUDI018,4488.267923809705
DRJ59_CHUKWUDI013,2070.360068938188
FDI35_CHUKWUDI049,8180.955047511901
FDA20_CHUKWUDI035,7222.0097991432895
DRI47_CHUKWUDI046,6555.482232798665
FDC34_CHUKWUDI045,7018.133726706491
FDQ39_CHUKWUDI027,12629.947104412653
FDJ10_CHUKWUDI013,5044.370709031681
DRK11_CHUKWUDI045,6176.384903660682
FDQ45_CHUKWUDI035,7874.701403116549
FDG29_CHUKWUDI013,1854.3391822930537
FDI04_CHUKWUDI045,7812.594304616859
FDC09_CHUKWUDI010,1212.853400800231
FDW56_CHUKWUDI017,8127.271252751083
FDR01_CHUKWUDI035,8954.103897639041
FDC03_CHUKWUDI017,7893.535924472974
DRG36_CHUKWUDI027,10541.237400407943
FDW49_CHUKWUDI019,1202.1697077159592
FDS49_CHUKWUDI013,2446.7186983084625
FDA03_CHUKWUDI027,9804.909577295604
FDQ33_CHUKWUDI027,10810.23828718352
FDE20_CHUKWUDI046,7211.69230618689
NCO30_CHUKWUDI019,1321.9426552444409
FDJ26_CHUKWUDI035,9809.250710723665
FDW39_CHUKWUDI046,6745.530928547392
FDZ08_CHUKWUDI010,858.774198999878
FDV44_CHUKWUDI049,8103.372071541305
FDU55_CHUKWUDI045,11925.060844049338
FDQ45_CHUKWUDI019,2277.287449061075
FDK34_CHUKWUDI027,14367.17758396355
FDL33_CHUKWUDI046,7732.083347205193
FDE24_CHUKWUDI017,5539.807005879954
NCH06_CHUKWUDI027,15912.162320600264
FDF57_CHUKWUDI045,6858.855451501075
DRG36_CHUKWUDI035,7223.293609237605
FDO56_CHUKWUDI018,4541.473035149761
FDQ28_CHUKWUDI017,6518.519489792863
FDP45_CHUKWUDI027,17792.629162247045
FDN23_CHUKWUDI027,9528.749704620122
NCA05_CHUKWUDI035,5963.100218935924
FDY56_CHUKWUDI027,15008.069058726422
FDI28_CHUKWUDI013,2558.2951066466126
DRH25_CHUKWUDI013,2352.616487751139
FDQ48_CHUKWUDI013,3735.4160154483066
FDS57_CHUKWUDI049,7281.555546177644
DRK49_CHUKWUDI013,2099.1834493962037
FDT32_CHUKWUDI035,8016.342720674233
FDF14_CHUKWUDI045,6375.753473205196
FDD44_CHUKWUDI035,9445.936423194462
FDA02_CHUKWUDI045,6306.666759875236
FDX32_CHUKWUDI049,6617.493960212672
FDL44_CHUKWUDI018,5741.113782361903
FDR26_CHUKWUDI018,6426.81096886182
NCR54_CHUKWUDI017,8835.416951390307
FDY47_CHUKWUDI013,4782.280882977856
FDI57_CHUKWUDI018,6881.533545743934
FDC04_CHUKWUDI045,10427.312113431752
NCQ06_CHUKWUDI027,15912.162320600264
NCJ43_CHUKWUDI046,6646.563990080823
FDF52_CHUKWUDI035,7333.942735458109
FDY04_CHUKWUDI035,6805.871849278367
DRA59_CHUKWUDI027,13971.667110029703
FDH10_CHUKWUDI027,13531.480868546021
FDB27_CHUKWUDI035,7896.178113370165
FDN25_CHUKWUDI013,2298.3742558446097
FDH24_CHUKWUDI018,5965.299554528303
FDL39_CHUKWUDI017,6943.626508942191
FDB08_CHUKWUDI018,5484.793894377007
FDA20_CHUKWUDI027,12360.55622434989
FDH21_CHUKWUDI045,6594.765139586296
NCH42_CHUKWUDI017,8344.95216471437
FDS01_CHUKWUDI049,8203.214341295401
FDZ10_CHUKWUDI049,6065.975725601994
FDQ25_CHUKWUDI027,11619.220775648586
FDU57_CHUKWUDI027,10107.285058916925
FDB11_CHUKWUDI049,9727.201334161224
NCX53_CHUKWUDI010,493.3322617219453
FDX49_CHUKWUDI045,9802.163008364889
NCX17_CHUKWUDI045,9296.351053612092
FDK25_CHUKWUDI019,1075.9385336644723
NCP05_CHUKWUDI049,6400.218327081557
FDR26_CHUKWUDI046,6780.843392801033
FDA02_CHUKWUDI046,5867.963806183219
FDZ57_CHUKWUDI017,5424.355021493893
FDE11_CHUKWUDI035,8249.454481353228
FDI57_CHUKWUDI017,7665.031042427184
FDB23_CHUKWUDI017,10522.030595684133
FDR55_CHUKWUDI017,8467.582838167284
FDG33_CHUKWUDI045,7476.866779803166
FDN21_CHUKWUDI027,9954.964299568259
DRB25_CHUKWUDI013,4171.492946096023
FDA39_CHUKWUDI013,1787.2513338609558
FDN31_CHUKWUDI045,7804.247388455783
FDG10_CHUKWUDI010,233.06941447066205
FDA16_CHUKWUDI027,13520.567505571047
FDY15_CHUKWUDI018,5429.171416170445
FDC39_CHUKWUDI035,8399.117487037418
FDB33_CHUKWUDI045,6657.074937359649
FDZ21_CHUKWUDI046,4247.535498168271
FDI04_CHUKWUDI018,6854.6476389467525
FDU22_CHUKWUDI019,878.3866623873732
FDZ15_CHUKWUDI013,4418.166723241738
FDB09_CHUKWUDI049,5163.4388720833485
DRD24_CHUKWUDI010,921.7676512547953
NCO06_CHUKWUDI013,2028.6105854588986
FDM09_CHUKWUDI010,1055.0404431799327
FDY48_CHUKWUDI018,4140.519946638339
FDP52_CHUKWUDI035,11218.306842829472
DRE49_CHUKWUDI035,5644.035692532823
FDS25_CHUKWUDI018,3848.2038525293087
FDS45_CHUKWUDI010,1072.1321831999403
FDF20_CHUKWUDI049,8286.522345145067
FDM15_CHUKWUDI035,6410.084001675181
NCL18_CHUKWUDI019,1353.1120657072222
NCB18_CHUKWUDI013,3272.3051528023466
DRF01_CHUKWUDI046,6570.887753668473
DRB01_CHUKWUDI027,12893.739828964332
FDU26_CHUKWUDI010,520.5672955688659
FDW32_CHUKWUDI013,3383.985440947471
FDL34_CHUKWUDI046,5566.645674256583
FDZ23_CHUKWUDI035,8034.665292155548
NCX29_CHUKWUDI049,6945.53160997534
FDX59_CHUKWUDI013,2075.6626033149455
FDR39_CHUKWUDI017,8077.836224583229
FDW40_CHUKWUDI010,617.8155470422084
FDD20_CHUKWUDI046,5240.513108439968
FDS07_CHUKWUDI046,4959.675186186925
FDN40_CHUKWUDI013,5321.6048915607325
FDY16_CHUKWUDI027,12861.117422730707
NCJ05_CHUKWUDI013,5865.174764494562
FDW12_CHUKWUDI045,6244.302775133338
FDX51_CHUKWUDI049,8409.685170333874
FDQ01_CHUKWUDI045,10137.805764561215
NCI17_CHUKWUDI046,3689.2486702316705
FDM58_CHUKWUDI010,621.5201124355581
FDU44_CHUKWUDI035,6868.712072798888
FDX20_CHUKWUDI035,7635.603308401562
DRD49_CHUKWUDI017,10154.25798517381
FDS08_CHUKWUDI035,7195.129883063162
FDG32_CHUKWUDI017,8263.617189005732
NCY42_CHUKWUDI049,5327.974701694653
FDB09_CHUKWUDI035,5248.751638069477
FDA38_CHUKWUDI019,1711.2957517740435
FDA45_CHUKWUDI045,6626.851380010979
NCV29_CHUKWUDI049,7704.561177327546
FDD45_CHUKWUDI013,3096.3784564352977
NCN17_CHUKWUDI046,4335.2568177063995
NCW53_CHUKWUDI045,7916.725701036232
FDX50_CHUKWUDI013,4308.879473176504
FDW34_CHUKWUDI017,10903.424423788225
NCI54_CHUKWUDI010,713.9022692027052
FDE04_CHUKWUDI035,7254.727911363557
NCK29_CHUKWUDI049,5298.850470709051
FDQ57_CHUKWUDI049,6624.337612307472
FDD11_CHUKWUDI017,9276.156490241037
NCT41_CHUKWUDI013,5756.8415175302935
FDW47_CHUKWUDI010,687.422801331214
FDM52_CHUKWUDI017,6495.138293360985
FDZ38_CHUKWUDI018,6478.2874098351085
NCP02_CHUKWUDI013,2491.937920048714
FDK08_CHUKWUDI010,632.5616704946048
DRP35_CHUKWUDI035,5961.231831492212
FDA47_CHUKWUDI027,9544.482948763805
DRG37_CHUKWUDI046,7206.032178607815
FDS31_CHUKWUDI018,6661.488105223284
NCX29_CHUKWUDI035,6556.983035575065
NCK53_CHUKWUDI046,3852.9814939127887
FDV21_CHUKWUDI018,4766.21257377779
FDX47_CHUKWUDI049,6044.8202605354
NCL29_CHUKWUDI027,10337.022012787169
FDO60_CHUKWUDI013,2280.1831979688122
NCX29_CHUKWUDI046,6370.762956802604
FDW02_CHUKWUDI046,5257.0589342905005
NCN14_CHUKWUDI046,7722.398583444379
FDH50_CHUKWUDI018,6929.493224694158
FDY49_CHUKWUDI049,6645.692952970947
DRE37_CHUKWUDI018,7761.081692312659
FDW49_CHUKWUDI027,11346.100214844811
FDA45_CHUKWUDI035,6781.682539657717
FDQ39_CHUKWUDI045,8491.705360747834
NCW53_CHUKWUDI018,7036.087267713898
NCS53_CHUKWUDI027,8566.977354062534
FDO13_CHUKWUDI019,1020.9558796669879
FDS60_CHUKWUDI046,7012.434744084619
FDR44_CHUKWUDI018,4921.709119664351
FDH27_CHUKWUDI013,5310.866550048558
NCC06_CHUKWUDI017,5790.660805727921
DRC25_CHUKWUDI013,3181.0936968472147
FDP48_CHUKWUDI049,8788.449230882867
NCV05_CHUKWUDI017,6464.990234748741
FDD22_CHUKWUDI049,4597.7486188325365
FDE53_CHUKWUDI046,4201.628966005143
FDU58_CHUKWUDI018,6726.61869389621
FDU59_CHUKWUDI013,5559.00980791998
FDC52_CHUKWUDI013,5647.315275038296
NCM53_CHUKWUDI049,4751.669109782358
FDX37_CHUKWUDI010,648.2672127718697
NCG18_CHUKWUDI013,4216.639113376845
FDS23_CHUKWUDI019,693.0456540752169
NCX05_CHUKWUDI010,837.8542673694344
NCL31_CHUKWUDI045,5647.168391305326
FDU24_CHUKWUDI049,4123.514763895768
FDW10_CHUKWUDI017,6754.139095106418
FDJ38_CHUKWUDI018,7143.658605248675
NCQ53_CHUKWUDI017,11056.782167665573
FDI15_CHUKWUDI017,10077.42844391274
FDN27_CHUKWUDI018,3720.750735171415
FDF33_CHUKWUDI010,597.7326626604512
FDZ34_CHUKWUDI035,7365.291814062631
NCJ31_CHUKWUDI017,9422.923667715002
NCS18_CHUKWUDI013,4222.672165892227
FDU13_CHUKWUDI019,968.5674139133606
DRF37_CHUKWUDI019,2393.8533788921936
DRP35_CHUKWUDI018,5173.04077743109
FDW44_CHUKWUDI049,7394.393271071884
FDL25_CHUKWUDI049,3220.695838300852
FDY47_CHUKWUDI045,5263.956761244018
FDH35_CHUKWUDI027,7809.369009296791
FDR21_CHUKWUDI017,7533.588406992117
FDR58_CHUKWUDI049,3537.665370963028
FDW45_CHUKWUDI027,10066.495275679017
NCX17_CHUKWUDI017,9377.192714861707
NCM55_CHUKWUDI046,7746.412960031881
FDB17_CHUKWUDI049,7538.47279429229
NCW29_CHUKWUDI049,5972.082886313858
FDW52_CHUKWUDI049,6795.664146078648
FDY21_CHUKWUDI027,14471.4360759277
FDF21_CHUKWUDI035,8190.528234684758
FDD56_CHUKWUDI010,1127.2342587456778
FDV50_CHUKWUDI013,4471.763744898504
FDG21_CHUKWUDI045,6685.613699379658
FDX08_CHUKWUDI019,1315.5011198066375
NCW06_CHUKWUDI017,7943.029577632986
NCP50_CHUKWUDI013,3109.7316764247826
NCF30_CHUKWUDI010,590.4855983359407
FDZ37_CHUKWUDI013,3276.9269248247647
DRH59_CHUKWUDI010,207.96575076128602
FDQ14_CHUKWUDI010,885.9441509297553
NCC06_CHUKWUDI046,5604.44072695546
FDQ48_CHUKWUDI046,4147.85142982872
FDV47_CHUKWUDI013,3299.4332396248965
FDZ33_CHUKWUDI035,6548.602938078407
FDA50_CHUKWUDI049,3998.1492086255344
FDZ20_CHUKWUDI035,10102.54656403357
FDD32_CHUKWUDI013,3342.9474972222615
FDS04_CHUKWUDI013,5174.470319387987
FDX35_CHUKWUDI017,9429.097790173293
FDK03_CHUKWUDI027,13393.99548510801
FDL50_CHUKWUDI018,4566.22634823577
DRF15_CHUKWUDI019,630.9150111208763
FDL34_CHUKWUDI018,5394.124129235932
FDD44_CHUKWUDI017,9218.21374803652
FDJ57_CHUKWUDI018,7729.827854995911
NCY54_CHUKWUDI035,6919.183524595773
DRK11_CHUKWUDI018,5391.784645719717
FDC44_CHUKWUDI049,4724.3965245968075
NCF55_CHUKWUDI013,1856.024278231232
FDP23_CHUKWUDI045,8494.52407079855
FDS25_CHUKWUDI046,4032.1290284951774
NCJ06_CHUKWUDI017,5241.709863638954
FDJ21_CHUKWUDI027,9811.138110477077
NCU18_CHUKWUDI035,5704.000082997135
FDH34_CHUKWUDI027,12449.029294407366
FDM27_CHUKWUDI018,5853.723630943537
FDN13_CHUKWUDI046,4430.601483855204
FDH19_CHUKWUDI046,7273.695298551507
FDX32_CHUKWUDI010,1355.5456438594006
FDV22_CHUKWUDI010,1252.4780800153214
FDA20_CHUKWUDI018,6497.751544397277
NCP42_CHUKWUDI045,7389.984051745755
FDU44_CHUKWUDI049,6783.399306812759
FDR47_CHUKWUDI027,15186.573133898191
NCC31_CHUKWUDI010,976.4382750409286
FDP25_CHUKWUDI027,15348.53277445611
DRP47_CHUKWUDI017,9699.198854401571
FDV25_CHUKWUDI045,9733.634257729716
NCQ17_CHUKWUDI017,6560.628975474774
FDI24_CHUKWUDI019,1145.1513504644722
FDE46_CHUKWUDI013,5970.227920145148
FDS36_CHUKWUDI013,3946.618514562529
FDQ45_CHUKWUDI046,7688.4813243440885
FDG56_CHUKWUDI013,2295.113898347722
FDN56_CHUKWUDI049,6094.760133283246
FDE36_CHUKWUDI027,9708.120851699285
FDK45_CHUKWUDI017,4936.667784807734
FDT26_CHUKWUDI018,4580.265852199111
FDW34_CHUKWUDI019,2272.899364157369
FDF34_CHUKWUDI045,7243.798209996259
FDQ40_CHUKWUDI019,1490.5724509086351
FDP59_CHUKWUDI046,4641.493601051302
FDW19_CHUKWUDI046,4660.599965777071
FDI14_CHUKWUDI045,5493.115871646839
NCU42_CHUKWUDI017,7236.17825389634
FDA03_CHUKWUDI049,6385.801045440609
FDR21_CHUKWUDI046,7509.231329842956
DRK23_CHUKWUDI017,9557.927539560464
FDF44_CHUKWUDI045,5152.86335728473
FDK28_CHUKWUDI027,13582.117976692876
FDU45_CHUKWUDI019,981.5171473467218
FDO39_CHUKWUDI045,8431.165645056139
NCS30_CHUKWUDI017,5201.148065854148
NCS42_CHUKWUDI049,3522.058252663443
DRA12_CHUKWUDI045,5966.356708257149
FDB17_CHUKWUDI045,7394.339209862989
NCV42_CHUKWUDI010,420.5609432549072
NCW17_CHUKWUDI018,5081.944901725527
FDZ48_CHUKWUDI046,4807.640174699451
FDN16_CHUKWUDI046,4165.823145631602
FDQ14_CHUKWUDI035,6634.643311303892
FDV45_CHUKWUDI046,7805.058181306851
FDU43_CHUKWUDI027,15320.813249161003
FDZ31_CHUKWUDI049,8437.608604764682
FDG57_CHUKWUDI010,155.56860835277442
FDY33_CHUKWUDI019,1271.9051926740576
FDS35_CHUKWUDI013,2316.0051743148965
FDR48_CHUKWUDI013,5920.996055997328
FDF32_CHUKWUDI045,7903.316596467571
NCQ05_CHUKWUDI019,1045.029739106173
DRE37_CHUKWUDI046,7713.173147287536
FDI07_CHUKWUDI045,8217.243625648283
FDH46_CHUKWUDI013,3660.8021010895714
FDD39_CHUKWUDI027,12474.153735706588
FDT08_CHUKWUDI027,9986.31676707013
FDH14_CHUKWUDI017,5673.94076819641
FDN45_CHUKWUDI027,14297.76025659709
FDH35_CHUKWUDI017,6572.220441763803
DRF01_CHUKWUDI017,6017.1421803554385
DRI03_CHUKWUDI017,7956.448650828881
FDR12_CHUKWUDI045,7515.837766172629
FDV14_CHUKWUDI013,3188.9942612418768
FDG21_CHUKWUDI027,9733.78767878087
FDG46_CHUKWUDI019,881.6418606925348
FDS31_CHUKWUDI045,7542.126538545617
FDQ28_CHUKWUDI013,6221.658937531954
NCK18_CHUKWUDI045,6877.860393853153
FDB46_CHUKWUDI045,9476.225237960574
NCA42_CHUKWUDI013,6120.451509695388
FDX36_CHUKWUDI049,8980.568499864468
FDZ38_CHUKWUDI019,1022.4236870942261
FDQ57_CHUKWUDI035,6709.650378293601
NCT17_CHUKWUDI027,9859.215439824731
FDB17_CHUKWUDI027,10509.20533374723
FDY49_CHUKWUDI013,5905.928740980387
FDO25_CHUKWUDI027,13411.177419511303
FDN57_CHUKWUDI035,5660.760594695557
FDU51_CHUKWUDI017,7531.247438699844
FDY22_CHUKWUDI046,6642.4358420313
NCC18_CHUKWUDI046,6804.43623352019
FDZ15_CHUKWUDI046,4949.000508582583
NCK42_CHUKWUDI045,8846.52621288223
FDP03_CHUKWUDI049,4816.574986689844
FDJ08_CHUKWUDI019,1295.5741052195813
FDU46_CHUKWUDI013,3098.5717180560205
FDZ33_CHUKWUDI010,1150.71181019241
FDZ39_CHUKWUDI046,4734.237293479222
FDB29_CHUKWUDI018,4036.370861528841
FDE24_CHUKWUDI010,681.0730322425331
NCF30_CHUKWUDI018,4368.225118824322
NCR17_CHUKWUDI018,4148.720408356295
DRN37_CHUKWUDI017,6567.322333722985
FDX27_CHUKWUDI046,3679.9343185883536
FDL40_CHUKWUDI013,3410.427963813502
NCQ05_CHUKWUDI010,906.5388245500932
DRJ24_CHUKWUDI049,8024.300562446906
FDG09_CHUKWUDI049,7771.923053198553
FDE22_CHUKWUDI035,6680.077905572424
NCV06_CHUKWUDI018,6846.070788684302
FDA52_CHUKWUDI049,6931.269182514599
FDF56_CHUKWUDI049,7377.235374048797
FDP60_CHUKWUDI046,4704.322486724032
DRF15_CHUKWUDI018,5778.1819558471025
NCV05_CHUKWUDI046,6383.915626253721
NCL19_CHUKWUDI049,6154.880273508237
DRF23_CHUKWUDI046,7201.544828351273
NCN14_CHUKWUDI027,13186.307751132537
FDU19_CHUKWUDI046,7228.298585613322
FDR04_CHUKWUDI010,758.7076921081278
FDM52_CHUKWUDI035,6516.980077907793
FDZ33_CHUKWUDI018,5853.793146674185
FDB60_CHUKWUDI017,7892.814467910282
FDI52_CHUKWUDI013,5069.382640002916
NCI18_CHUKWUDI045,7896.84864935708
FDW13_CHUKWUDI013,2134.0356874640165
FDU56_CHUKWUDI046,7708.352003912189
FDM15_CHUKWUDI046,6223.86392290272
NCP06_CHUKWUDI010,-136.83901843128774
FDU04_CHUKWUDI019,815.5717225090409
NCH07_CHUKWUDI019,1051.9900728104733
FDH26_CHUKWUDI013,4444.438359301596
FDS28_CHUKWUDI013,2436.6101065241846
NCT06_CHUKWUDI035,6673.323120313758
NCC18_CHUKWUDI017,7199.925985751038
FDT13_CHUKWUDI046,7999.369626481234
FDA21_CHUKWUDI018,7048.689808430564
FDZ55_CHUKWUDI027,10299.267697201538
FDZ32_CHUKWUDI013,4108.3857854865955
FDW02_CHUKWUDI013,4791.328735843378
FDV46_CHUKWUDI013,5198.480467812109
FDV11_CHUKWUDI035,7487.955020024522
FDX21_CHUKWUDI049,4191.7928936531425
DRC13_CHUKWUDI018,4949.0594415512005
FDY49_CHUKWUDI019,1319.4736157541174
FDR22_CHUKWUDI046,5090.4411862843635
FDO36_CHUKWUDI019,1101.5369195514463
DRK47_CHUKWUDI045,9330.38527458802
FDZ58_CHUKWUDI019,895.2633968243582
FDP03_CHUKWUDI046,5188.862413634906
FDV03_CHUKWUDI027,10192.789889687096
FDF12_CHUKWUDI013,5690.439966251027
DRG03_CHUKWUDI018,6286.48899107296
FDP32_CHUKWUDI049,4836.378090390278
FDZ36_CHUKWUDI017,7449.737136078979
FDH10_CHUKWUDI017,6693.856567119941
FDM10_CHUKWUDI027,14138.188204691698
FDM60_CHUKWUDI013,2323.2747752230866
FDI60_CHUKWUDI013,2718.7160711193255
FDS50_CHUKWUDI045,8900.34595893316
FDJ08_CHUKWUDI049,7906.000543716587
FDT19_CHUKWUDI045,7581.756582282509
FDX45_CHUKWUDI018,5926.371615446363
FDL26_CHUKWUDI027,9425.410602814443
FDK44_CHUKWUDI035,7064.1585164792305
FDE11_CHUKWUDI018,7083.936232854994
DRC24_CHUKWUDI017,6538.70589699467
FDO13_CHUKWUDI013,5862.080857248979
FDW03_CHUKWUDI013,4338.495481276486
FDG40_CHUKWUDI010,-121.04847303887365
FDS14_CHUKWUDI045,6557.515409750902
FDK58_CHUKWUDI013,4374.632394082717
FDV01_CHUKWUDI049,7740.952685659644
NCB31_CHUKWUDI019,979.3457957334355
FDN04_CHUKWUDI045,6934.026075331657
NCE42_CHUKWUDI035,8291.19903672169
FDI48_CHUKWUDI013,2452.8978877181485
NCW53_CHUKWUDI019,1473.1485822457616
DRD24_CHUKWUDI018,5449.520701493768
FDD26_CHUKWUDI045,7732.645580632192
FDM58_CHUKWUDI046,4829.150658950993
FDA44_CHUKWUDI010,233.48983851856082
FDW36_CHUKWUDI049,4365.305560846843
FDZ31_CHUKWUDI018,6979.178713067419
FDU47_CHUKWUDI045,5478.17620749733
FDT03_CHUKWUDI027,12568.19653228455
FDJ20_CHUKWUDI049,5475.615805157313
FDL13_CHUKWUDI017,10080.277183035223
FDJ55_CHUKWUDI027,14672.013089697224
FDU37_CHUKWUDI013,2537.2884532219477
DRK37_CHUKWUDI046,8435.985772850685
FDE57_CHUKWUDI049,5398.925199765626
NCK29_CHUKWUDI019,1101.7685580481902
FDB04_CHUKWUDI013,2904.1358661201657
FDZ59_CHUKWUDI010,1051.797285961966
NCV17_CHUKWUDI035,5874.526138784341
FDK38_CHUKWUDI049,5727.917193577429
FDT32_CHUKWUDI049,8075.163539117405
FDU22_CHUKWUDI017,5169.593996723686
FDZ23_CHUKWUDI049,8093.48611059872
FDR48_CHUKWUDI027,10260.306007682286
DRN36_CHUKWUDI046,4227.9010663646295
FDY15_CHUKWUDI019,899.8811416278552
DRF01_CHUKWUDI019,1108.9782747726338
FDC59_CHUKWUDI010,41.2347537856198
FDQ11_CHUKWUDI019,3597.56248482638
FDK10_CHUKWUDI018,6302.2172885839145
FDU59_CHUKWUDI049,6128.135525936075
FDV19_CHUKWUDI019,1210.038803554377
FDD41_CHUKWUDI013,3472.847228660262
NCU41_CHUKWUDI046,7890.67325318242
FDQ21_CHUKWUDI049,5977.5762771693
FDN57_CHUKWUDI049,5575.447828709429
FDQ16_CHUKWUDI013,4434.77703658411
NCW17_CHUKWUDI035,5942.75063075655
FDJ44_CHUKWUDI049,7249.842796204875
DRE60_CHUKWUDI049,9542.553098909377
DRL60_CHUKWUDI035,6177.705908383065
FDC09_CHUKWUDI013,4155.617212316201
FDK52_CHUKWUDI049,11015.509717179899
FDD36_CHUKWUDI010,736.2462993059177
FDS14_CHUKWUDI017,6718.287313198912
NCD07_CHUKWUDI017,5101.831181937821
NCI29_CHUKWUDI046,5139.168004254863
FDO44_CHUKWUDI013,4143.437379866177
FDS08_CHUKWUDI046,6697.277108144677
NCC54_CHUKWUDI035,10667.760723152462
FDH14_CHUKWUDI010,858.3154474588334
FDF16_CHUKWUDI046,5996.972294023885
FDU52_CHUKWUDI018,5802.34719895425
FDK38_CHUKWUDI017,5776.047509309015
DRL35_CHUKWUDI010,143.28854440686356
FDG58_CHUKWUDI035,6762.8444001715325
FDW52_CHUKWUDI027,9857.223043392843
FDD46_CHUKWUDI013,5381.168654585892
FDD56_CHUKWUDI017,7409.399074576055
FDD22_CHUKWUDI018,4025.4340436689863
FDI41_CHUKWUDI045,6544.975091002444
FDZ16_CHUKWUDI017,7968.095340382264
FDR16_CHUKWUDI035,9454.570952226666
NCN26_CHUKWUDI010,868.4418656760105
FDZ39_CHUKWUDI018,4117.85487884593
NCD06_CHUKWUDI013,2006.0044170677238
FDT49_CHUKWUDI049,4922.127299489597
FDR35_CHUKWUDI027,15400.675085737495
NCV29_CHUKWUDI019,1337.4149385224102
NCB30_CHUKWUDI019,1335.2299610566256
NCM26_CHUKWUDI019,1139.6073910487
NCP43_CHUKWUDI046,7314.832337297569
FDG41_CHUKWUDI049,4295.977086275659
NCA29_CHUKWUDI017,7299.705701848052
FDJ46_CHUKWUDI035,7871.855089796261
FDJ21_CHUKWUDI017,6688.179940454648
NCM43_CHUKWUDI010,1101.0123099168254
FDI32_CHUKWUDI049,5263.08062714698
FDY34_CHUKWUDI049,6689.767022486379
DRI13_CHUKWUDI017,11100.630516981775
FDH27_CHUKWUDI019,784.3824952871286
NCN43_CHUKWUDI010,879.5037255242049
FDM15_CHUKWUDI018,5715.274210270959
FDH47_CHUKWUDI049,4098.085514194934
NCO18_CHUKWUDI046,7484.193654455715
FDJ46_CHUKWUDI046,7685.635011023801
FDV45_CHUKWUDI049,8050.099078522484
FDV08_CHUKWUDI013,2112.128259071184
FDX48_CHUKWUDI017,6524.629349060341
FDZ58_CHUKWUDI049,5048.429648011724
FDV31_CHUKWUDI045,7309.3687551593075
FDO13_CHUKWUDI017,6411.373870973763
FDZ58_CHUKWUDI018,4543.06477695821
FDM24_CHUKWUDI035,5998.305504181714
FDT59_CHUKWUDI035,9113.600565632561
FDN04_CHUKWUDI018,6053.387642009324
FDE36_CHUKWUDI049,7100.900010663034
FDT39_CHUKWUDI045,6038.314535822627
NCE06_CHUKWUDI027,10653.357029602299
FDB08_CHUKWUDI049,6123.739383136891
NCL19_CHUKWUDI046,6608.019931296525
NCX42_CHUKWUDI045,5848.7838245607245
FDD34_CHUKWUDI045,6415.663734433527
FDS16_CHUKWUDI045,6806.848521000773
FDU19_CHUKWUDI017,7093.755921128001
FDR02_CHUKWUDI018,4657.379140604302
FDN10_CHUKWUDI018,4674.560812364792
FDZ55_CHUKWUDI017,6191.053094538219
DRF23_CHUKWUDI010,1125.320897056109
FDN03_CHUKWUDI027,14232.80708125745
FDR32_CHUKWUDI049,10514.690216881598
NCB30_CHUKWUDI049,7914.145624899741
NCO17_CHUKWUDI017,5041.122362458198
FDC17_CHUKWUDI017,8580.005711228567
FDZ60_CHUKWUDI018,4364.660064030242
NCF30_CHUKWUDI035,5538.66784909445
FDD21_CHUKWUDI013,4282.529468334639
FDG02_CHUKWUDI019,1688.633705696838
FDK38_CHUKWUDI027,9286.629725220053
DRM35_CHUKWUDI035,7310.061291255287
FDP34_CHUKWUDI049,6948.380821156738
FDW47_CHUKWUDI019,830.7342252102243
FDB36_CHUKWUDI017,5709.989361682833
FDS36_CHUKWUDI046,4327.3870800423565
FDN12_CHUKWUDI046,4624.525533248198
FDL50_CHUKWUDI013,4868.516090732386
FDP09_CHUKWUDI018,9074.810798437391
FDQ52_CHUKWUDI027,17328.8683702081
FDY15_CHUKWUDI017,6373.191313397124
FDB46_CHUKWUDI049,9113.39443713533
FDY39_CHUKWUDI049,7284.740507712837
DRL11_CHUKWUDI018,5879.5748154863
FDJ48_CHUKWUDI027,14090.753690772588
FDQ57_CHUKWUDI027,10702.13445238573
FDZ56_CHUKWUDI027,10959.787717323778
NCE07_CHUKWUDI018,4600.761344152568
FDZ07_CHUKWUDI010,358.7476541911697
DRI23_CHUKWUDI018,6189.856116907964
DRD25_CHUKWUDI049,4406.295851440347
FDX45_CHUKWUDI045,6773.815323152101
FDB02_CHUKWUDI027,10788.454363335999
FDP49_CHUKWUDI013,2357.727361822203
NCK18_CHUKWUDI027,10528.466885503973
FDX08_CHUKWUDI046,7484.193654455715
FDY01_CHUKWUDI018,4355.786579039411
FDS33_CHUKWUDI049,3168.4162398572976
FDT60_CHUKWUDI019,731.0000679206663
NCY30_CHUKWUDI035,7368.884709071396
NCW06_CHUKWUDI045,7962.862281924297
FDU14_CHUKWUDI027,14833.66335804661
FDX57_CHUKWUDI013,3894.3513998529515
NCR53_CHUKWUDI035,9407.56721522908
FDU28_CHUKWUDI018,7057.499207013642
FDC33_CHUKWUDI027,13463.293573795636
DRG51_CHUKWUDI017,6567.974744815035
FDR51_CHUKWUDI045,6920.543295063515
FDY43_CHUKWUDI018,6288.195234418831
FDP44_CHUKWUDI049,4700.981753782526
FDO22_CHUKWUDI013,3202.976434827168
DRH51_CHUKWUDI013,3146.943303119091
FDA33_CHUKWUDI017,6009.346403754444
FDN23_CHUKWUDI045,5915.621041533999
FDQ55_CHUKWUDI018,4506.293041997205
NCY54_CHUKWUDI046,6948.580718803653
FDD52_CHUKWUDI013,3824.289385826905
FDZ35_CHUKWUDI049,4626.361215985609
FDS31_CHUKWUDI019,1657.9793829796731
FDW33_CHUKWUDI049,4461.980879321707
DRH03_CHUKWUDI046,3856.604488116631
FDB23_CHUKWUDI027,14325.500990147752
FDS07_CHUKWUDI017,5145.895264959386
FDA10_CHUKWUDI017,5480.089155001008
FDL26_CHUKWUDI049,6339.972037489992
FDB45_CHUKWUDI013,4223.605175093437
FDW47_CHUKWUDI046,5045.104652050179
FDI34_CHUKWUDI017,10310.619001658999
FDZ52_CHUKWUDI017,4979.010486455562
NCV06_CHUKWUDI017,7972.061230783052
FDZ12_CHUKWUDI046,6374.1075749757065
FDR22_CHUKWUDI018,4732.214798881515
NCD31_CHUKWUDI017,6852.06869696945
FDP37_CHUKWUDI018,4943.050832621058
FDF58_CHUKWUDI010,384.9123219851488
FDR32_CHUKWUDI027,16497.750771648432
NCP14_CHUKWUDI018,4059.2949503697964
FDX49_CHUKWUDI017,9350.597326256417
NCK42_CHUKWUDI017,8751.838643658399
FDU57_CHUKWUDI045,6286.063268662615
FDK28_CHUKWUDI017,7789.179120153621
FDK27_CHUKWUDI017,5157.084920991601
DRH13_CHUKWUDI046,4293.306740934905
DRL23_CHUKWUDI049,4757.516773258802
DRZ11_CHUKWUDI018,4387.705442510449
FDP46_CHUKWUDI013,3950.871021852179
NCN43_CHUKWUDI049,5455.117156725622
FDJ12_CHUKWUDI017,8386.853372247284
FDD21_CHUKWUDI049,4656.101511803007
DRI51_CHUKWUDI027,10232.015381961079
FDK02_CHUKWUDI017,4806.0482224063
NCZ41_CHUKWUDI013,4737.512347326108
FDB37_CHUKWUDI035,10989.678511638209
DRE03_CHUKWUDI010,-279.4970926626459
NCC06_CHUKWUDI049,5632.733364771892
FDN21_CHUKWUDI049,6667.499269785731
FDC04_CHUKWUDI027,13560.091216025598
FDY22_CHUKWUDI018,5930.667741518196
NCG43_CHUKWUDI010,633.5583651318101
DRZ11_CHUKWUDI049,4960.020017674
FDR22_CHUKWUDI010,743.4002776446148
NCF43_CHUKWUDI045,5240.075317041195
FDG57_CHUKWUDI013,1863.5543055049748
FDH38_CHUKWUDI017,4198.7537247891005
FDE22_CHUKWUDI045,6594.765139586296
FDR31_CHUKWUDI019,1294.4354977843263
FDT34_CHUKWUDI049,4622.828975715077
FDT51_CHUKWUDI010,825.0342170131553
FDB36_CHUKWUDI045,5647.337654385053
FDJ15_CHUKWUDI027,12001.916313762371
FDZ16_CHUKWUDI027,14047.382732634573
FDC38_CHUKWUDI045,5377.481833461639
NCW29_CHUKWUDI019,856.2187491843551
FDC26_CHUKWUDI010,564.9706403716806
FDG45_CHUKWUDI017,8822.049268061674
NCL55_CHUKWUDI045,10407.96724907049
FDF56_CHUKWUDI035,7802.430166765836
FDA34_CHUKWUDI027,10421.79771870258
NCV41_CHUKWUDI018,4251.585897826089
FDM39_CHUKWUDI027,9974.887450972543
FDV01_CHUKWUDI045,6556.352927822715
NCA42_CHUKWUDI045,6689.577227711485
NCG43_CHUKWUDI046,4307.188177170376
FDT57_CHUKWUDI027,15584.550541828397
NCQ38_CHUKWUDI013,4179.503178728336
FDS11_CHUKWUDI017,9078.928297389815
FDM58_CHUKWUDI049,4855.7892763434365
DRH37_CHUKWUDI035,6873.8252824907795
FDA33_CHUKWUDI049,5966.330622831171
NCT42_CHUKWUDI046,5508.36737846678
FDI52_CHUKWUDI018,4757.869924696677
DRG03_CHUKWUDI010,1091.1614085383692
FDS44_CHUKWUDI027,16023.492542963679
FDU40_CHUKWUDI018,6310.667586724664
NCZ18_CHUKWUDI019,2420.6083313592208
FDJ58_CHUKWUDI018,6499.414848465149
FDK25_CHUKWUDI049,6764.295466883394
NCM31_CHUKWUDI045,5041.3556138778495
FDU23_CHUKWUDI013,6097.5070526026375
FDP25_CHUKWUDI017,10248.78517668962
NCY41_CHUKWUDI010,-265.678021796953
FDS10_CHUKWUDI017,7654.996643058144
FDO57_CHUKWUDI045,6341.395759749503
FDH19_CHUKWUDI018,6493.964178015505
FDV02_CHUKWUDI049,6935.534463570058
NCL30_CHUKWUDI035,5790.660805727921
FDV35_CHUKWUDI018,5616.261760976159
FDU26_CHUKWUDI018,3991.018071213269
FDT37_CHUKWUDI019,2580.934291824989
FDZ48_CHUKWUDI019,818.6372047168288
FDE33_CHUKWUDI013,2777.814409252852
NCH07_CHUKWUDI045,6653.7022780505395
FDA50_CHUKWUDI013,3484.806481458788
FDP26_CHUKWUDI013,3840.193421256735
FDT28_CHUKWUDI035,6491.041526640351
FDX07_CHUKWUDI035,7628.54920195927
FDQ15_CHUKWUDI010,860.8643382730082
FDR28_CHUKWUDI018,6092.995702913132
FDB59_CHUKWUDI049,7487.76153549171
FDB38_CHUKWUDI018,5715.1616082882465
DRG48_CHUKWUDI045,6634.875613362424
DRD27_CHUKWUDI049,3647.0571204911
FDW49_CHUKWUDI045,7473.7906691968055
FDS56_CHUKWUDI017,8676.947004512607
NCS05_CHUKWUDI013,5157.210752956119
NCN07_CHUKWUDI049,5729.460113275842
FDL32_CHUKWUDI019,823.6528611610985
FDA45_CHUKWUDI018,5852.913790603797
DRJ49_CHUKWUDI035,4890.09578920003
FDI45_CHUKWUDI046,6867.224128748572
DRF13_CHUKWUDI045,6508.457963358074
FDS32_CHUKWUDI035,5821.935499171913
NCW53_CHUKWUDI049,8534.720625851936
NCZ18_CHUKWUDI035,10331.072071344686
FDL38_CHUKWUDI013,3144.677632424192
FDO21_CHUKWUDI035,10398.137804054613
FDL20_CHUKWUDI046,4663.115595073544
FDP20_CHUKWUDI013,5354.647077439788
FDD09_CHUKWUDI045,8245.76664350621
FDB40_CHUKWUDI018,5755.26492960763
FDX09_CHUKWUDI019,1321.7105801806902
FDL09_CHUKWUDI035,6953.673375016801
FDB40_CHUKWUDI027,8947.440475053463
FDW50_CHUKWUDI018,5789.333408888495
NCT06_CHUKWUDI019,1039.5246049177713
NCM55_CHUKWUDI049,7991.453857247514
FDD26_CHUKWUDI046,7631.73826784586
FDB56_CHUKWUDI035,7912.040420247861
NCC07_CHUKWUDI049,4739.62032601891
NCP54_CHUKWUDI049,5269.337546885263
FDX22_CHUKWUDI045,8911.518779795655
FDO52_CHUKWUDI018,6187.005472508295
NCH43_CHUKWUDI045,8984.56245618331
FDP27_CHUKWUDI018,7703.1219037656465
NCT17_CHUKWUDI017,7936.903079207226
FDV39_CHUKWUDI018,6595.938658876301
NCO53_CHUKWUDI049,8138.938161397547
FDV46_CHUKWUDI046,5561.553402764433
FDQ25_CHUKWUDI010,1278.7276097618292
NCW53_CHUKWUDI027,13346.943190566646
FDX43_CHUKWUDI045,6264.16184565375
FDR48_CHUKWUDI017,6470.289069722112
FDE17_CHUKWUDI049,6386.486899654585
FDP34_CHUKWUDI018,6405.916708055932
FDD33_CHUKWUDI045,9437.414652218446
FDM28_CHUKWUDI046,7632.548207970689
FDC22_CHUKWUDI046,7408.207078272135
FDL51_CHUKWUDI045,8756.089712708363
NCG42_CHUKWUDI049,5705.3480397417925
FDY31_CHUKWUDI017,5958.06496490137
FDZ38_CHUKWUDI046,7277.144901394871
FDK22_CHUKWUDI027,14063.4025630707
FDI45_CHUKWUDI018,6470.557286578261
FDX27_CHUKWUDI049,3828.9552411391824
DRE49_CHUKWUDI010,748.6785064385872
FDN60_CHUKWUDI017,6518.743306412983
FDR16_CHUKWUDI018,9005.63513624053
DRJ35_CHUKWUDI013,2292.1884421692944
FDG53_CHUKWUDI017,5344.7914749645815
FDY24_CHUKWUDI013,3333.377487954525
NCP43_CHUKWUDI019,2179.570483397877
FDQ40_CHUKWUDI046,7552.057092727934
FDA51_CHUKWUDI013,3604.03323581015
FDK43_CHUKWUDI013,4428.795006574824
FDL21_CHUKWUDI013,2162.906544678312
FDB53_CHUKWUDI027,9319.56872713984
FDG05_CHUKWUDI027,9530.916240135895
FDX48_CHUKWUDI010,1006.5506434361653
FDE35_CHUKWUDI010,259.83402587752795
FDU04_CHUKWUDI049,4853.624032750481
FDY39_CHUKWUDI018,6532.113298637627
DRM35_CHUKWUDI027,11018.978950701387
FDW34_CHUKWUDI035,13777.745589288155
FDK02_CHUKWUDI018,4435.837415165563
FDW01_CHUKWUDI019,1054.352245804897
NCC18_CHUKWUDI010,900.0321331992724
FDS43_CHUKWUDI027,13079.466126011532
FDZ45_CHUKWUDI018,7514.707272335811
DRD37_CHUKWUDI010,241.8360338182747
FDJ02_CHUKWUDI035,6710.119387385173
FDE24_CHUKWUDI035,5539.807005879954
FDC26_CHUKWUDI018,3732.8908711155086
FDT14_CHUKWUDI013,4222.55981753715
FDL33_CHUKWUDI035,7576.31600026782
NCD18_CHUKWUDI035,10213.476226621602
FDF20_CHUKWUDI045,7852.020009405125
DRJ01_CHUKWUDI010,767.451910016861
DRF03_CHUKWUDI013,2210.2908355351933
FDX47_CHUKWUDI019,1045.7373944266485
FDS32_CHUKWUDI045,6129.086080097588
FDG58_CHUKWUDI017,6467.75194739714
FDI22_CHUKWUDI019,1535.7183361775744
FDQ23_CHUKWUDI013,3824.7084980432874
FDI44_CHUKWUDI013,2610.893693643636
FDA37_CHUKWUDI018,4348.05151398205
FDY15_CHUKWUDI045,6309.809849492778
FDK33_CHUKWUDI045,8555.0673686326
NCO17_CHUKWUDI046,4567.485749776794
DRJ37_CHUKWUDI027,9643.803772698006
FDP45_CHUKWUDI017,12002.409591176302
DRB24_CHUKWUDI035,6725.578500731842
FDR08_CHUKWUDI049,4934.131084660257
FDG60_CHUKWUDI035,11325.283632050581
FDS12_CHUKWUDI018,5003.902161973433
FDT01_CHUKWUDI049,8641.17279718736
FDU46_CHUKWUDI010,776.3375444784666
FDX19_CHUKWUDI035,10101.656665205084
FDX35_CHUKWUDI019,1151.5486582890478
FDS13_CHUKWUDI017,9493.05455432743
FDW57_CHUKWUDI045,7512.977191537425
DRF23_CHUKWUDI027,13468.116774441518
FDP48_CHUKWUDI046,8543.408333667232
FDH35_CHUKWUDI010,897.9351597505674
FDK38_CHUKWUDI018,5156.934724840443
FDZ01_CHUKWUDI046,4355.417861062056
NCO26_CHUKWUDI013,4224.387945095419
FDF52_CHUKWUDI019,1251.1855896127336
FDI57_CHUKWUDI027,13531.480868546021
FDK25_CHUKWUDI035,6849.608232869522
FDV38_CHUKWUDI010,208.19058762832634
FDX33_CHUKWUDI017,6774.688031505776
FDD38_CHUKWUDI046,4410.153460202845
FDY19_CHUKWUDI049,5068.975080543556
FDS20_CHUKWUDI017,8322.994929329694
FDR21_CHUKWUDI027,12705.4940363785
FDR44_CHUKWUDI035,5202.135156671462
FDQ57_CHUKWUDI019,1190.4166595616366
FDF47_CHUKWUDI017,9032.01701070649
NCL55_CHUKWUDI035,10493.280015056616
FDS33_CHUKWUDI013,2939.650705686064
FDR44_CHUKWUDI010,484.03038685210413
FDK20_CHUKWUDI049,5189.51434412902
DRA12_CHUKWUDI017,5608.678231705664
NCV54_CHUKWUDI046,5337.929934003194
NCJ42_CHUKWUDI046,4931.396606947327
FDG35_CHUKWUDI018,4862.27285204728
FDB45_CHUKWUDI018,4340.136864534578
DRK11_CHUKWUDI019,1147.1397065622682
FDV51_CHUKWUDI013,6240.056363205963
NCG54_CHUKWUDI027,11425.626252750568
FDQ33_CHUKWUDI035,7141.766514950205
FDJ44_CHUKWUDI045,7553.163726117489
NCP05_CHUKWUDI017,6448.348642813143
FDZ52_CHUKWUDI018,3948.671045700495
NCA18_CHUKWUDI010,694.8541099232528
FDO40_CHUKWUDI017,6475.699821117183
DRK59_CHUKWUDI027,16225.184552500134
FDL39_CHUKWUDI018,6349.175312968655
NCI42_CHUKWUDI027,14248.836523386168
FDO12_CHUKWUDI035,7832.937345423077
FDO57_CHUKWUDI018,5737.548514437927
FDQ32_CHUKWUDI049,5277.142429567013
FDE08_CHUKWUDI027,9619.691699163957
NCL54_CHUKWUDI045,7463.354326066344
FDD23_CHUKWUDI049,7895.415114960418
NCS29_CHUKWUDI017,9685.339342995057
FDV39_CHUKWUDI035,7057.186793816442
FDV57_CHUKWUDI027,12499.076443153122
FDF56_CHUKWUDI045,7717.117400779707
FDS43_CHUKWUDI017,8333.872136025997
NCT54_CHUKWUDI049,3183.849630687333
FDX15_CHUKWUDI027,10243.030468859039
FDR47_CHUKWUDI018,7898.756345802475
FDA07_CHUKWUDI049,5199.485514217915
NCP06_CHUKWUDI049,5556.363205370025
FDJ10_CHUKWUDI049,5181.703675744445
FDC52_CHUKWUDI045,6333.934453947522
DRH03_CHUKWUDI010,405.7163095483902
FDE46_CHUKWUDI046,6372.017609099576
FDF10_CHUKWUDI018,6015.420758623728
NCL31_CHUKWUDI046,5546.261078518994
DRK13_CHUKWUDI049,8342.283817323916
FDA15_CHUKWUDI045,11161.559989167312
FDU36_CHUKWUDI046,4131.291566243033
FDH44_CHUKWUDI010,1049.7567663054424
FDN34_CHUKWUDI035,7091.324291320957
FDW55_CHUKWUDI027,16370.337432357543
FDO28_CHUKWUDI019,742.1907392921236
FDS55_CHUKWUDI049,6959.695474980788
NCC18_CHUKWUDI035,7305.071456028478
NCM06_CHUKWUDI017,6494.040605336222
FDE16_CHUKWUDI017,8898.962076788717
FDP24_CHUKWUDI049,5624.456366500194
FDS48_CHUKWUDI013,5943.427189019339
FDG32_CHUKWUDI045,7743.645119090409
FDX27_CHUKWUDI013,3544.2900922186964
NCH30_CHUKWUDI049,4997.308844684832
DRF01_CHUKWUDI027,12646.999382772217
FDT14_CHUKWUDI046,4800.386007339261
NCU05_CHUKWUDI010,243.34543051048715
FDI10_CHUKWUDI049,7285.994511755662
FDU23_CHUKWUDI045,6666.632770618733
DRF49_CHUKWUDI019,1812.2021885479767
DRE25_CHUKWUDI049,4232.559666715553
FDA07_CHUKWUDI010,958.1935564133163
NCO42_CHUKWUDI017,5085.027581138351
FDJ04_CHUKWUDI049,4759.662998095505
FDV51_CHUKWUDI018,5928.543647899725
FDU19_CHUKWUDI027,11251.45620021355
FDH56_CHUKWUDI049,4567.628441745533
DRM23_CHUKWUDI035,7020.102285826072
NCM41_CHUKWUDI013,3585.818609822613
FDR48_CHUKWUDI049,6497.013618923046
FDY03_CHUKWUDI019,1040.878664116055
FDE09_CHUKWUDI049,4425.5638940282615
FDV60_CHUKWUDI049,7810.189810844914
FDQ37_CHUKWUDI035,8288.972254698081
FDA28_CHUKWUDI010,751.205694499999
FDY01_CHUKWUDI049,4928.101154202963
FDA14_CHUKWUDI019,789.6984415746718
FDT34_CHUKWUDI046,4521.921662928745
FDS16_CHUKWUDI018,5952.69663392824
FDH17_CHUKWUDI049,4146.62917745903
FDY09_CHUKWUDI019,1283.9562645950584
NCY30_CHUKWUDI045,7283.571943085268
FDW19_CHUKWUDI049,4761.507278563403
FDH41_CHUKWUDI019,1551.7198325492557
DRL11_CHUKWUDI045,6482.179995994772
FDN38_CHUKWUDI035,8914.875794764457
FDC57_CHUKWUDI018,7043.810427785724
FDH38_CHUKWUDI046,4106.222321146542
FDA34_CHUKWUDI049,7458.526158753947
FDA35_CHUKWUDI017,5229.179717620933
FDL33_CHUKWUDI045,7832.990659991525
FDN01_CHUKWUDI019,1128.739251701567
FDW43_CHUKWUDI017,10296.670598319206
NCM26_CHUKWUDI017,6685.84521559814
FDU07_CHUKWUDI045,6402.665126575704
FDE36_CHUKWUDI035,7143.616441874039
FDL26_CHUKWUDI017,6428.7779803145395
FDU38_CHUKWUDI017,7885.261033287274
FDL24_CHUKWUDI027,10779.017493407246
FDY55_CHUKWUDI027,17161.113940233394
FDZ21_CHUKWUDI049,4348.4428109546025
FDT24_CHUKWUDI013,2371.652287333428
FDO32_CHUKWUDI013,1774.6045899142953
DRC12_CHUKWUDI035,7064.018294450629
FDL10_CHUKWUDI049,3515.000821269758
NCB43_CHUKWUDI017,7940.408184927534
FDS46_CHUKWUDI049,5500.92174161499
FDN32_CHUKWUDI035,7519.65975222839
DRI59_CHUKWUDI027,17798.737249336493
FDP11_CHUKWUDI017,8649.762699182262
FDQ52_CHUKWUDI035,12627.363399153517
FDK26_CHUKWUDI045,7974.2366031515385
FDQ27_CHUKWUDI049,4611.216164906231
FDP24_CHUKWUDI017,5634.914267553802
FDB29_CHUKWUDI049,4811.863824573735
NCM05_CHUKWUDI019,1313.7283469955798
NCA05_CHUKWUDI013,4402.985150491773
NCJ06_CHUKWUDI013,4979.833383823113
FDZ33_CHUKWUDI019,1156.7642474150248
FDQ34_CHUKWUDI046,4557.977980520279
FDK20_CHUKWUDI018,4617.199768965468
FDV26_CHUKWUDI018,7153.83121142148
DRK11_CHUKWUDI035,6086.59443712394
FDQ37_CHUKWUDI027,14973.512614935325
FDU15_CHUKWUDI013,1984.3340367489252
DRM23_CHUKWUDI010,914.1342888439884
FDL44_CHUKWUDI027,9779.946249090746
FDS04_CHUKWUDI010,883.4868902485396
FDF14_CHUKWUDI035,6394.6375229159885
FDS15_CHUKWUDI046,4559.028889576462
NCB42_CHUKWUDI017,5124.5818618698895
FDV07_CHUKWUDI049,4472.258490377891
FDP51_CHUKWUDI019,1174.7916889652404
FDP23_CHUKWUDI027,15032.094372702799
FDJ15_CHUKWUDI046,8473.177047580359
FDO36_CHUKWUDI027,10826.916735209488
FDQ10_CHUKWUDI049,7603.476332392665
FDK32_CHUKWUDI049,6497.650499046326
FDC03_CHUKWUDI049,7844.44169423072
FDT01_CHUKWUDI017,8477.206508466745
FDV45_CHUKWUDI018,7025.327060770849
FDT58_CHUKWUDI017,6803.110388586571
NCT29_CHUKWUDI019,919.4619615255535
NCG07_CHUKWUDI027,14433.68176034207
FDL22_CHUKWUDI013,3301.778949396698
NCX05_CHUKWUDI019,958.8821654416067
FDL51_CHUKWUDI018,7832.319352558794
NCS53_CHUKWUDI019,1059.610265809459
NCQ43_CHUKWUDI049,4769.913873858622
NCS29_CHUKWUDI019,1313.7283469955798
DRJ24_CHUKWUDI017,7860.334273726294
FDU48_CHUKWUDI017,5715.310251360951
FDX11_CHUKWUDI045,7248.308669581185
DRL01_CHUKWUDI017,9174.737361127469
DRH25_CHUKWUDI010,320.1698625265368
DRM59_CHUKWUDI019,1015.4865020091614
NCS42_CHUKWUDI046,3651.494354646039
FDY31_CHUKWUDI018,5648.571164122765
FDI14_CHUKWUDI049,5493.115871646839
NCP30_CHUKWUDI013,1959.3538040357837
FDO34_CHUKWUDI017,6608.791033141756
FDS12_CHUKWUDI019,750.7210014970709
NCC18_CHUKWUDI049,7087.9092855166045
FDH12_CHUKWUDI049,4743.41213562776
DRH13_CHUKWUDI018,4703.974275703028
FDV57_CHUKWUDI049,7869.670986623922
NCP05_CHUKWUDI010,855.8511072590404
FDW26_CHUKWUDI049,9305.677388816304
FDV57_CHUKWUDI046,7624.630089408289
NCB54_CHUKWUDI013,4703.48039433264
DRD25_CHUKWUDI019,941.0344396832112
FDX32_CHUKWUDI018,4861.851878452892
NCE55_CHUKWUDI017,7337.460017433684
DRI47_CHUKWUDI018,6667.585693805632
FDR47_CHUKWUDI049,8940.862008203316
DRJ01_CHUKWUDI018,5990.761211678654
FDG08_CHUKWUDI045,7318.328176314502
FDO46_CHUKWUDI017,7789.2150246536485
FDL44_CHUKWUDI045,6523.180646370272
NCB55_CHUKWUDI013,2604.059493546306
NCW42_CHUKWUDI027,14283.980896998595
FDJ52_CHUKWUDI017,6277.522807467949
NCA41_CHUKWUDI046,7805.058181306851
FDI52_CHUKWUDI049,5183.559969603235
NCB43_CHUKWUDI035,8045.553655204974
FDY31_CHUKWUDI049,6029.364964989762
FDF22_CHUKWUDI018,7853.473174510476
FDU14_CHUKWUDI045,11419.329272281057
FDA32_CHUKWUDI017,9972.077893411737
FDD50_CHUKWUDI035,7009.347890279881
FDR36_CHUKWUDI013,2266.650938984481
FDT26_CHUKWUDI046,5604.654420596008
FDZ03_CHUKWUDI046,7907.111318031255
FDG16_CHUKWUDI049,9793.216664234324
NCA05_CHUKWUDI019,1045.029739106173
FDY27_CHUKWUDI046,6512.79019448748
FDZ03_CHUKWUDI049,8100.009903965498
FDS15_CHUKWUDI049,4659.936202362794
FDN21_CHUKWUDI035,6752.812035771859
DRH37_CHUKWUDI049,6788.512516504651
FDV35_CHUKWUDI049,6301.173319984828
DRF25_CHUKWUDI013,2059.680949655588
FDG20_CHUKWUDI046,7328.324466081034
FDV46_CHUKWUDI049,5662.460715550765
FDA07_CHUKWUDI013,4717.809635951753
FDD46_CHUKWUDI045,6025.149237534508
FDX23_CHUKWUDI013,3142.4453999299185
FDB35_CHUKWUDI013,3257.8835201256447
FDA02_CHUKWUDI018,5493.991346575799
FDI34_CHUKWUDI045,10330.451705950314
NCI06_CHUKWUDI049,7616.853756767628
FDO13_CHUKWUDI045,6185.2102768480045
FDO24_CHUKWUDI045,6138.798246310229
FDL14_CHUKWUDI035,6433.850977824128
FDG16_CHUKWUDI045,9649.083079805023
FDM12_CHUKWUDI035,7867.865862316603
FDC03_CHUKWUDI035,7785.620875787547
FDM15_CHUKWUDI045,6324.771235689052
FDN04_CHUKWUDI035,7808.403938701103
NCR53_CHUKWUDI019,1666.6030091888017
FDW11_CHUKWUDI013,2391.362197967182
FDK08_CHUKWUDI013,3801.2505136099708
NCR30_CHUKWUDI013,2871.9264625808246
FDA19_CHUKWUDI010,873.8183568528981
NCU29_CHUKWUDI046,6433.2480504821915
FDX01_CHUKWUDI049,4670.061562790149
FDF35_CHUKWUDI013,4091.7600931028196
FDN04_CHUKWUDI017,6914.193371040345
FDV01_CHUKWUDI019,1107.5999095537147
FDA56_CHUKWUDI013,4337.683535315698
FDW27_CHUKWUDI019,1232.344360631816
NCK29_CHUKWUDI017,5266.948851968646
FDL48_CHUKWUDI013,2648.7227670016423
FDX31_CHUKWUDI017,9156.954930586326
FDV04_CHUKWUDI049,6213.960792869929
FDO34_CHUKWUDI045,7333.205737232752
FDS34_CHUKWUDI017,5142.785286600629
FDL40_CHUKWUDI010,662.5670526447368
DRA24_CHUKWUDI010,1530.4347162245176
FDM25_CHUKWUDI010,1031.4023870967198
FDN08_CHUKWUDI018,4308.185305658073
FDD05_CHUKWUDI049,5371.464577198331
FDL02_CHUKWUDI046,4551.736005988841
FDX07_CHUKWUDI027,13387.73537375467
DRJ01_CHUKWUDI045,6140.24135509894
FDD21_CHUKWUDI017,4849.518112586929
FDT57_CHUKWUDI035,10609.378457186089
FDD53_CHUKWUDI010,-104.26178117810309
FDZ10_CHUKWUDI019,863.3603829262842
FDI26_CHUKWUDI018,6551.346591267205
FDE34_CHUKWUDI046,7688.719792128512
FDV48_CHUKWUDI010,339.82666483577924
FDT15_CHUKWUDI046,7911.947531107312
FDQ39_CHUKWUDI049,8635.838945177135
NCF43_CHUKWUDI049,5460.136229149462
FDF40_CHUKWUDI035,8372.91659923713
FDL20_CHUKWUDI019,795.7417132107192
FDW46_CHUKWUDI013,2497.1536258635024
FDQ24_CHUKWUDI019,3714.613465753996
FDR34_CHUKWUDI045,9816.673011275965
NCF31_CHUKWUDI045,6401.423782972597
FDQ58_CHUKWUDI035,6668.407993132391
FDT49_CHUKWUDI018,3781.050143562636
DRG13_CHUKWUDI013,6590.318183859406
NCG55_CHUKWUDI013,4517.940765237664
FDW12_CHUKWUDI013,4847.274729352845
FDY15_CHUKWUDI035,6478.336783674564
FDY39_CHUKWUDI019,1571.0217483981955
FDV51_CHUKWUDI027,10205.276153273408
FDT40_CHUKWUDI013,4169.120428426475
FDV09_CHUKWUDI035,6624.360806545583
FDO03_CHUKWUDI045,10322.540076283727
FDG45_CHUKWUDI045,8841.881972352989
DRF13_CHUKWUDI046,6337.810320447536
FDZ21_CHUKWUDI010,671.0946126736995
FDB56_CHUKWUDI049,7970.861238691034
NCK42_CHUKWUDI027,14428.010841717558
NCL19_CHUKWUDI013,6194.841355446284
NCZ06_CHUKWUDI019,642.0128292634361
NCS30_CHUKWUDI010,580.00222432208
FDG32_CHUKWUDI019,1343.742196907286
DRM23_CHUKWUDI017,7130.574088528973
FDM14_CHUKWUDI046,4397.412558557907
FDP09_CHUKWUDI049,9174.249422323364
FDC50_CHUKWUDI046,3866.1336688657
FDP01_CHUKWUDI035,6336.051387734646
DRF01_CHUKWUDI013,6015.8068235418
FDU40_CHUKWUDI045,7475.14652170301
FDI21_CHUKWUDI013,2746.497049438332
FDY31_CHUKWUDI035,6039.82286604337
NCM54_CHUKWUDI013,4135.013266922604
FDR52_CHUKWUDI019,1876.1456067370068
FDZ31_CHUKWUDI027,14380.444706578477
FDM24_CHUKWUDI045,6066.460990151011
NCR50_CHUKWUDI046,6498.907952010806
NCU18_CHUKWUDI018,4843.194353966113
FDK22_CHUKWUDI035,9336.368085733659
DRB25_CHUKWUDI010,802.5435251271323
FDL13_CHUKWUDI019,1595.951737946686
FDS02_CHUKWUDI019,1916.048262537051
FDR25_CHUKWUDI017,13006.351132851141
NCQ29_CHUKWUDI019,981.4509463618034
FDE35_CHUKWUDI013,2936.883749197199
FDL02_CHUKWUDI049,4486.543604987075
FDA44_CHUKWUDI013,2144.49538646585
FDR27_CHUKWUDI018,5140.915158383013
NCB30_CHUKWUDI045,8123.75236553193
FDF16_CHUKWUDI013,5596.716908817019
FDF11_CHUKWUDI045,8800.651079251014
NCW42_CHUKWUDI017,9239.773337889226
FDE05_CHUKWUDI013,5819.300482962076
FDG09_CHUKWUDI018,7043.810427785724
FDY33_CHUKWUDI049,7044.8352620399155
FDR46_CHUKWUDI046,6675.810637131392
FDZ12_CHUKWUDI010,875.3016571636249
FDB22_CHUKWUDI010,875.7961472255716
FDH19_CHUKWUDI019,1162.4737767571696
FDW45_CHUKWUDI049,6624.523741450409
DRM37_CHUKWUDI018,7118.959567789575
FDV37_CHUKWUDI049,8185.62342162049
FDH57_CHUKWUDI035,5484.237965751754
FDO24_CHUKWUDI027,10197.65175756051
FDF35_CHUKWUDI049,4723.501191229995
NCL30_CHUKWUDI046,5604.44072695546
FDF12_CHUKWUDI017,6239.732979975811
NCT17_CHUKWUDI046,7855.828470712206
FDU27_CHUKWUDI010,254.93635288842333
FDD39_CHUKWUDI019,1107.2130236034482
FDW57_CHUKWUDI049,7657.110775966726
NCN14_CHUKWUDI019,1480.6451522270886
FDX57_CHUKWUDI010,679.4540402154877
FDK33_CHUKWUDI018,7739.764106941115
DRF36_CHUKWUDI049,8747.646782973712
FDF12_CHUKWUDI018,5582.10563882613
NCO29_CHUKWUDI018,5980.339436303894
NCN05_CHUKWUDI035,7475.2968177318835
NCU06_CHUKWUDI019,1430.942146000534
FDF52_CHUKWUDI017,7887.202317426047
FDA08_CHUKWUDI045,6629.3870222463465
FDA51_CHUKWUDI046,4152.562651678498
FDZ26_CHUKWUDI017,9396.19919769154
FDX43_CHUKWUDI017,6244.329141362438
FDD40_CHUKWUDI045,7650.763077930475
FDP21_CHUKWUDI027,13939.233648356694
FDG35_CHUKWUDI019,1200.629172814892
NCE43_CHUKWUDI017,7432.943269460097
DRO47_CHUKWUDI010,662.8877780835174
FDJ46_CHUKWUDI018,6905.9038904878
DRM37_CHUKWUDI035,8261.075837809642
FDJ55_CHUKWUDI049,10913.992151545403
FDU48_CHUKWUDI035,5715.310251360951
FDR43_CHUKWUDI010,148.37847355944513
FDO25_CHUKWUDI018,7835.438755700566
FDQ39_CHUKWUDI035,8577.01812673396
NCT53_CHUKWUDI019,837.7858955772651
DRK23_CHUKWUDI027,16942.196453060256
FDJ52_CHUKWUDI035,6382.668277745389
FDH44_CHUKWUDI046,6508.82000555361
FDA08_CHUKWUDI046,6528.479709460014
NCP54_CHUKWUDI018,4493.8445838403695
FDA36_CHUKWUDI045,6780.664238391484
FDH26_CHUKWUDI045,4926.114237567758
NCY18_CHUKWUDI027,11155.78365053965
FDD47_CHUKWUDI010,1185.1187230953196
NCO26_CHUKWUDI049,4458.024778065146
DRF27_CHUKWUDI035,6116.697868352317
FDJ21_CHUKWUDI013,6051.450966078151
FDZ44_CHUKWUDI019,926.4409358706931
FDX26_CHUKWUDI045,7680.364301961454
NCX42_CHUKWUDI035,5934.096590546853
NCM29_CHUKWUDI045,5552.966508722566
FDD14_CHUKWUDI049,7437.751592224839
NCS18_CHUKWUDI046,4585.7451008445505
FDZ12_CHUKWUDI019,1154.6521547957668
FDR28_CHUKWUDI049,6973.634136235466
FDO58_CHUKWUDI013,6079.047264207099
NCS30_CHUKWUDI046,4866.340163316507
FDI45_CHUKWUDI049,6968.131441534904
NCA17_CHUKWUDI045,6487.640344190826
DRD37_CHUKWUDI013,1992.6815519305123
FDR03_CHUKWUDI017,8950.454408490881
FDU19_CHUKWUDI049,7329.205898399654
FDQ09_CHUKWUDI013,4404.862807602585
FDM28_CHUKWUDI019,1186.1538641388943
DRQ35_CHUKWUDI017,4953.975946765559
FDF11_CHUKWUDI035,8885.96384523714
FDH57_CHUKWUDI017,5559.092830684274
NCN06_CHUKWUDI013,6126.428079314423
FDZ03_CHUKWUDI018,7443.078710505143
FDZ51_CHUKWUDI010,702.8007398602903
FDG35_CHUKWUDI046,5354.869208411985
DRL11_CHUKWUDI049,6482.179995994772
DRZ24_CHUKWUDI046,5002.47099287548
NCZ54_CHUKWUDI046,6582.5397223381615
FDK55_CHUKWUDI013,3295.568716547626
FDU27_CHUKWUDI013,2348.4571895856648
NCZ06_CHUKWUDI017,9276.007871672164
FDX31_CHUKWUDI045,10470.702204448604
FDG53_CHUKWUDI010,603.9372633199483
FDC47_CHUKWUDI019,1506.506408785734
FDN39_CHUKWUDI027,9911.855646668415
FDY25_CHUKWUDI046,7072.672617548518
FDA35_CHUKWUDI046,5042.959638848472
FDT34_CHUKWUDI018,4113.209620897877
FDY03_CHUKWUDI046,4928.44111905893
FDG50_CHUKWUDI013,3271.472364679819
FDA14_CHUKWUDI046,6238.577429767003
FDX08_CHUKWUDI049,7729.234551671348
NCN06_CHUKWUDI035,6780.8665633166465
NCJ54_CHUKWUDI035,10939.866226323436
FDX51_CHUKWUDI045,7385.071234628686
FDL14_CHUKWUDI010,887.4592865262726
FDT21_CHUKWUDI045,9187.461082900563
FDL43_CHUKWUDI013,2471.0836805477434
FDT28_CHUKWUDI017,6453.859076385808
FDX60_CHUKWUDI013,2573.9848782957483
NCX18_CHUKWUDI018,6947.831691050928
FDB22_CHUKWUDI027,9863.447618777871
FDE45_CHUKWUDI046,7307.797534566715
FDU50_CHUKWUDI017,4433.575449682746
DRF36_CHUKWUDI046,9095.303709075637
DRN35_CHUKWUDI013,1846.7676136442042
FDS46_CHUKWUDI019,968.7632585584802
FDG17_CHUKWUDI017,7820.083347177984
FDL57_CHUKWUDI045,9907.63600514505
FDR46_CHUKWUDI027,10739.88876797136
NCK54_CHUKWUDI017,5219.763039074592
FDJ26_CHUKWUDI045,9723.93794473754
FDW01_CHUKWUDI027,9848.102105795455
NCK18_CHUKWUDI035,6963.173159839282
FDQ49_CHUKWUDI046,6825.823950599274
FDW49_CHUKWUDI035,7559.103435182934
NCO42_CHUKWUDI027,10282.869070688075
FDM10_CHUKWUDI045,9137.996812898073
NCC42_CHUKWUDI049,5601.716877218887
FDD50_CHUKWUDI049,7312.233806294031
FDL09_CHUKWUDI027,10533.0885764975
FDH35_CHUKWUDI049,6592.053146055115
FDE36_CHUKWUDI018,6530.385012515792
DRD12_CHUKWUDI013,3570.728735158698
FDT60_CHUKWUDI018,4488.953392686388
FDI02_CHUKWUDI018,4240.06243804991
FDA39_CHUKWUDI010,72.52745086916079
FDJ04_CHUKWUDI013,4576.969868294652
FDV19_CHUKWUDI018,5979.286439298196
NCP41_CHUKWUDI010,673.9759211637117
FDO24_CHUKWUDI010,817.4639010303664
FDT11_CHUKWUDI046,7238.4813085367405
NCS54_CHUKWUDI010,896.2357710530997
NCN41_CHUKWUDI019,805.2582809265214
NCA30_CHUKWUDI046,7847.760683293849
FDQ49_CHUKWUDI017,6765.0651863618405
FDV20_CHUKWUDI018,5027.44125401852
FDH57_CHUKWUDI010,579.2749069982675
NCO05_CHUKWUDI013,3458.7780772650017
DRA24_CHUKWUDI017,6718.109614821232
FDV44_CHUKWUDI046,7858.331174325672
DRI03_CHUKWUDI018,7729.474450063223
FDH21_CHUKWUDI019,841.008615867057
NCR17_CHUKWUDI017,4806.347749505975
FDU34_CHUKWUDI018,5006.217041987975
FDV12_CHUKWUDI013,3567.6272898606558
FDK09_CHUKWUDI027,15354.445014254294
FDV19_CHUKWUDI046,6759.0175598341975
FDX56_CHUKWUDI019,1639.084400996474
FDK26_CHUKWUDI019,1345.2897930063893
FDH58_CHUKWUDI018,4387.1442784558485
FDV20_CHUKWUDI049,5518.668496494289
FDW39_CHUKWUDI035,6931.751007319853
DRM59_CHUKWUDI017,5846.9602986235495
FDT24_CHUKWUDI010,124.94520300016197
FDR09_CHUKWUDI035,12366.658421011647
FDI14_CHUKWUDI017,5578.428637632967
FDS03_CHUKWUDI010,511.8129585937582
DRK13_CHUKWUDI027,15851.352946569074
FDQ14_CHUKWUDI049,6474.475680385243
FDU31_CHUKWUDI049,9157.547996183916
FDA28_CHUKWUDI035,5272.633082272299
NCQ06_CHUKWUDI017,10373.182904039517
FDQ58_CHUKWUDI046,6440.978972826438
FDR34_CHUKWUDI017,9796.84030698465
NCX29_CHUKWUDI019,1064.6665524322214
FDB27_CHUKWUDI045,8101.234098694675
FDE05_CHUKWUDI046,6306.9918288206545
FDA33_CHUKWUDI035,5976.788523884779
FDE11_CHUKWUDI019,1303.9683190587398
FDL22_CHUKWUDI049,3815.1216765634445
FDH17_CHUKWUDI013,3633.2864502922885
DRC25_CHUKWUDI010,786.2184015165162
NCE43_CHUKWUDI027,11472.501505933587
FDX26_CHUKWUDI027,10509.97725135759
FDG53_CHUKWUDI035,5344.7914749645815
FDW52_CHUKWUDI013,6056.581610435472
FDT48_CHUKWUDI018,7330.072355942743
NCF30_CHUKWUDI017,5252.161938562704
DRI51_CHUKWUDI018,6837.2750498112755
FDB17_CHUKWUDI019,1143.0452112390506
NCC31_CHUKWUDI035,6442.2883520535015
DRA24_CHUKWUDI019,1238.285429363327
FDZ26_CHUKWUDI027,13642.39226384806
FDC21_CHUKWUDI013,4209.471676465373
FDV01_CHUKWUDI027,10228.079189120943
FDX16_CHUKWUDI045,6427.555605781068
FDA21_CHUKWUDI045,7929.328241752898
NCT42_CHUKWUDI018,5212.550789226762
FDJ32_CHUKWUDI013,2292.1884421692944
FDX03_CHUKWUDI013,2118.2641587003945
NCR50_CHUKWUDI027,10420.563555405239
FDU02_CHUKWUDI019,838.348557521476
NCI55_CHUKWUDI013,4965.960816764169
FDQ16_CHUKWUDI049,4646.324822858891
FDM20_CHUKWUDI017,10134.66989601116
FDE05_CHUKWUDI019,1108.9176582746707
NCY54_CHUKWUDI049,6735.072887854159
FDE32_CHUKWUDI013,1786.0326553118318
FDY59_CHUKWUDI049,3903.947299458763
FDO19_CHUKWUDI010,325.71012749011913
FDG26_CHUKWUDI045,10654.218869530128
FDV50_CHUKWUDI018,4531.19026786213
NCX05_CHUKWUDI013,4500.313359296361
FDH53_CHUKWUDI010,578.5245326051335
NCR05_CHUKWUDI035,7964.740317136893
FDZ48_CHUKWUDI018,4328.781398754553
FDC34_CHUKWUDI018,6279.328666116612
FDR19_CHUKWUDI049,6742.937556981731
DRJ01_CHUKWUDI046,6039.334042312608
FDO36_CHUKWUDI035,7513.736371100271
FDH58_CHUKWUDI049,4851.355018821606
FDH60_CHUKWUDI027,13327.660891531536
FDI35_CHUKWUDI035,8122.134229068729
NCI17_CHUKWUDI013,3276.813255851255
FDZ25_CHUKWUDI046,6808.84469127007
FDR11_CHUKWUDI045,6827.87406394077
FDU59_CHUKWUDI027,9816.325253631698
FDW59_CHUKWUDI013,3226.102613823252
FDX26_CHUKWUDI017,7984.65842975877
FDM09_CHUKWUDI046,7095.098134132262
FDG34_CHUKWUDI010,701.844208583194
FDT37_CHUKWUDI035,11482.63694922953
FDY25_CHUKWUDI017,7154.917046033296
NCV29_CHUKWUDI046,7441.425220300835
FDQ13_CHUKWUDI013,3144.29697954408
NCA41_CHUKWUDI049,8050.099078522484
NCJ05_CHUKWUDI027,9361.4795672477
FDC22_CHUKWUDI018,6870.168902298583
FDA03_CHUKWUDI035,6762.803227302598
FDX31_CHUKWUDI019,2427.8239726706943
NCC19_CHUKWUDI035,7435.3836004790355
NCZ54_CHUKWUDI010,1201.0237733234112
NCQ54_CHUKWUDI035,7197.822069724168
FDN01_CHUKWUDI027,10811.010414459764
FDP21_CHUKWUDI017,8660.570129125123
FDH10_CHUKWUDI035,6799.002037397381
FDX25_CHUKWUDI017,7236.6434552695955
FDR23_CHUKWUDI019,1353.3595946151356
FDQ58_CHUKWUDI045,6541.88628561277
FDX50_CHUKWUDI046,4384.540805207308
FDM15_CHUKWUDI027,9773.074769074025
FDZ59_CHUKWUDI018,5746.813423642712
FDP34_CHUKWUDI035,6962.209733622574
NCZ30_CHUKWUDI049,3456.6725197525175
FDS27_CHUKWUDI035,7136.868995514422
FDA46_CHUKWUDI045,7921.718140180898
FDS57_CHUKWUDI019,848.5822390561857
NCX06_CHUKWUDI027,12159.867392193803
FDG02_CHUKWUDI017,7098.137220042729
FDW52_CHUKWUDI017,6942.061611046478
FDI21_CHUKWUDI010,582.265782572885
NCH07_CHUKWUDI049,6653.7022780505395
FDL28_CHUKWUDI035,10244.131240432964
FDT60_CHUKWUDI017,5146.580733836068
NCR41_CHUKWUDI046,4058.938684618259
FDP24_CHUKWUDI046,5448.694188781342
FDZ15_CHUKWUDI049,5337.324355277859
FDQ25_CHUKWUDI049,7499.782639315303
NCI43_CHUKWUDI013,1981.3923751376549
NCK29_CHUKWUDI013,4811.344513373763
FDX19_CHUKWUDI045,10016.343899218959
NCT17_CHUKWUDI045,7956.735783498538
DRA59_CHUKWUDI049,8015.181554768668
FDN28_CHUKWUDI046,4057.917739764123
FDS43_CHUKWUDI035,7995.048888596143
FDE16_CHUKWUDI027,13450.892080532672
FDW40_CHUKWUDI018,5787.845754780756
DRD25_CHUKWUDI010,977.6724992614995
FDA56_CHUKWUDI046,4700.756470268021
FDP07_CHUKWUDI045,7845.9391511627255
FDW50_CHUKWUDI035,6903.284092720262
FDI58_CHUKWUDI046,3903.397063858243
DRF48_CHUKWUDI045,7776.80573333351
FDJ26_CHUKWUDI027,13415.782336515262
FDS14_CHUKWUDI013,5820.628841346284
FDB37_CHUKWUDI027,13997.293100995288
FDM40_CHUKWUDI046,5191.510398111908
FDD26_CHUKWUDI035,7817.95834661832
FDD03_CHUKWUDI017,9719.19983515023
NCA05_CHUKWUDI049,5763.721452499031
FDS48_CHUKWUDI046,6343.682574226204
FDU51_CHUKWUDI045,7494.362611645295
NCB06_CHUKWUDI013,6156.295668303002
FDS20_CHUKWUDI045,7556.73079999239
FDS27_CHUKWUDI019,1699.806572187451
FDT26_CHUKWUDI049,5705.56173338234
FDF44_CHUKWUDI035,5238.176123270859
FDD26_CHUKWUDI019,1326.040454545253
DRG37_CHUKWUDI018,6459.719976797304
FDL14_CHUKWUDI049,6158.5912293410465
NCO54_CHUKWUDI013,2589.6961877915087
NCJ05_CHUKWUDI017,6412.933474471784
FDW31_CHUKWUDI017,8271.270031237422
FDU23_CHUKWUDI018,5981.721211610063
NCN43_CHUKWUDI013,4991.136908986967
DRG23_CHUKWUDI013,5477.540268036034
FDC11_CHUKWUDI013,3350.70461785301
FDA04_CHUKWUDI027,13934.552570347272
DRA12_CHUKWUDI013,5594.383458543338
FDC56_CHUKWUDI018,4357.109071699015
DRI59_CHUKWUDI017,10537.503856889733
FDA22_CHUKWUDI035,6854.615738234797
FDA21_CHUKWUDI046,7828.420928966566
FDA32_CHUKWUDI019,1457.7186112359768
FDA10_CHUKWUDI049,5510.490325384673
NCK19_CHUKWUDI046,7909.104517536425
FDA47_CHUKWUDI045,6779.650751485049
NCE43_CHUKWUDI010,1164.8234750129227
NCL31_CHUKWUDI035,5643.221940652969
FDN39_CHUKWUDI017,6832.355640974054
FDB40_CHUKWUDI049,6515.79803162568
FDW50_CHUKWUDI045,6817.971326734134
FDR12_CHUKWUDI018,6830.9262071639605
FDA02_CHUKWUDI027,9210.816435064204
FDD04_CHUKWUDI017,6032.374522539318
NCG07_CHUKWUDI019,1258.780596043225
NCD07_CHUKWUDI049,4632.343422272421
FDZ33_CHUKWUDI027,10222.353208726827
DRA24_CHUKWUDI035,6823.255085098672
NCE06_CHUKWUDI018,5647.835119567774
DRN11_CHUKWUDI017,5182.707599196997
FDV28_CHUKWUDI013,2033.009013456592
DRJ47_CHUKWUDI046,7707.269323527764
FDT37_CHUKWUDI017,10990.747838470597
FDF17_CHUKWUDI049,8043.515322648319
FDB27_CHUKWUDI049,8245.367683123979
FDR28_CHUKWUDI035,6906.68571512202
FDQ44_CHUKWUDI018,4846.2906586736935
NCK19_CHUKWUDI045,8310.8251158993
FDN38_CHUKWUDI045,8829.563028778331
FDZ58_CHUKWUDI017,5398.92712706558
FDI33_CHUKWUDI046,3956.8268832281406
FDR37_CHUKWUDI045,7652.778713119962
NCD54_CHUKWUDI013,4620.708740934002
FDE16_CHUKWUDI049,9062.928365509333
FDE20_CHUKWUDI017,6783.97085373439
FDT55_CHUKWUDI027,10125.09764466452
NCQ30_CHUKWUDI017,5005.072722167492
FDA32_CHUKWUDI049,9373.631395373071
FDZ51_CHUKWUDI013,3465.8404767065304
FDS23_CHUKWUDI049,4914.453966338504
NCH18_CHUKWUDI035,9945.885421192745
FDV20_CHUKWUDI017,5842.7010506948245
FDB58_CHUKWUDI027,9744.138712752
FDU13_CHUKWUDI049,5876.191369426269
FDW07_CHUKWUDI049,3897.3281681142175
FDR57_CHUKWUDI035,6369.6477798276555
NCL54_CHUKWUDI017,7443.521621775032
FDQ07_CHUKWUDI027,15759.144150943821
FDP07_CHUKWUDI018,7042.608950188164
FDN12_CHUKWUDI017,4810.745612020659
FDQ12_CHUKWUDI045,10288.750076797342
NCZ29_CHUKWUDI010,423.5875029948147
FDO31_CHUKWUDI013,2393.4968754377123
FDS45_CHUKWUDI013,4099.885179815386
FDA34_CHUKWUDI018,6577.887725431613
FDJ38_CHUKWUDI046,7720.211337903334
FDS52_CHUKWUDI046,4233.071253984812
FDP21_CHUKWUDI019,1989.477018827685
FDY08_CHUKWUDI045,5550.75682941073
FDN60_CHUKWUDI035,6623.888776690423
DRB48_CHUKWUDI010,166.05445668333147
FDB03_CHUKWUDI035,9398.2784761601
FDI22_CHUKWUDI035,9160.852701779784
DRD49_CHUKWUDI045,10174.090689465125
FDQ10_CHUKWUDI045,7603.476332392665
NCV06_CHUKWUDI035,7812.0219879927645
FDJ10_CHUKWUDI035,5646.522506332066
FDK26_CHUKWUDI035,8188.401197315654
FDE10_CHUKWUDI010,482.1442981239099
FDL38_CHUKWUDI010,660.2087014896949
FDA31_CHUKWUDI035,6972.951661467576
